,IdMaterial,IdCeSum,2021/12,2022/1,2022/10,2022/11,2022/2,2022/3,2022/4,2022/5,2022/6,2022/7,2022/8,2022/9,Porcentaje,Provision,LeadTime,Sucursal,ABC_Sucursal,ABC,Margen_Total,Margen_Suc,UMBase,MAPE,AcumProy,AcumEsp,AcumPost,MeanSupply,Trim Proy 2022/12 - 2023/2,Trim Proy 2023/3 - 2023/5,DdaProy 2022/12,DdaProy 2023/1,DdaProy 2023/2,DdaProy 2023/3,DdaProy 2023/4,DdaProy 2023/5,PeriodROP,MeanSupply2,StdSupply2,DdaAnual,Trim 2021/12 - 2022/2,Trim 2022/3 - 2022/5,Trim 2022/6 - 2022/8,Trim 2022/9 - 2022/11
0,10000002,D100,2,1,2,4,2,2,0,0,0,0,2,0,0.23809523809523808,Directo,,Chimbarongo,C,C,0.0017651708635017,0.0161342168587013,UN  ,0.21241414131930753,13.826190476190476,7,8,2.304365079365079,7.414285714285714,6.411904761904761,2.7285714285714286,2.526190476190476,2.1595238095238094,2.05,2.2119047619047616,2.15,,0.0,0.0,21.826190476190476,5,2,2,6
1,10000002,D110,12,5,5,9,2,1,3,1,4,0,1,3,0.7301587301587301,Directo,,Los Angeles,C,C,0.0017651708635017,0.0140920520925708,UN  ,0.21241414131930753,42.40031746031746,24,22,7.066719576719576,22.737142857142857,19.663174603174603,8.367619047619048,7.746984126984126,6.622539682539682,6.286666666666666,6.7831746031746025,6.593333333333333,,0.0,0.0,64.40031746031747,19,5,5,17
2,10000002,D120,0,0,0,0,0,0,0,0,0,0,0,0,0.0,Directo,,,B,B,,,UN  ,0.21241414131930753,0.0,0,0,0.0,0.0,0.0,0.0,0.0,0.0,0.0,0.0,0.0,,0.0,0.0,0.0,0,0,0,0
3,10000002,D130,0,0,0,0,0,0,0,0,0,0,0,0,0.0,Directo,,,B,B,,,UN  ,0.21241414131930753,0.0,0,0,0.0,0.0,0.0,0.0,0.0,0.0,0.0,0.0,0.0,,0.0,0.0,0.0,0,0,0,0
4,10000002,D190,1,1,0,0,0,0,0,0,0,0,0,0,0.031746031746031744,Directo,,Osorno,C,C,0.0017651708635017,0.0003582971585455,UN  ,0.21241414131930753,1.8434920634920633,2,0,0.3072486772486772,0.9885714285714285,0.8549206349206349,0.3638095238095238,0.3368253968253968,0.28793650793650793,0.2733333333333333,0.29492063492063486,0.2866666666666666,,0.0,0.0,1.8434920634920633,2,0,0,0
5,10000002,D230,0,0,0,0,0,0,0,0,0,0,0,0,0.0,Directo,,,B,B,,,UN  ,0.21241414131930753,0.0,0,0,0.0,0.0,0.0,0.0,0.0,0.0,0.0,0.0,0.0,,0.0,0.0,0.0,0,0,0,0
