,IdMaterial,IdCeSum,2021/12,2022/1,2022/10,2022/11,2022/2,2022/3,2022/4,2022/5,2022/6,2022/7,2022/8,2022/9,Porcentaje,Provision,LeadTime,Sucursal,ABC_Sucursal,ABC,Margen_Total,Margen_Suc,UMBase,MAPE,AcumProy,AcumEsp,AcumPost,MeanSupply,Trim Proy 2022/12 - 2023/2,Trim Proy 2023/3 - 2023/5,DdaProy 2022/12,DdaProy 2023/1,DdaProy 2023/2,DdaProy 2023/3,DdaProy 2023/4,DdaProy 2023/5,PeriodROP,MeanSupply2,StdSupply2,DdaAnual,Trim 2021/12 - 2022/2,Trim 2022/3 - 2022/5,Trim 2022/6 - 2022/8,Trim 2022/9 - 2022/11
0,20000093,D230,0.0,0.0,0.0,0.0,0,0.0,0.0,0.0,0.0,0.0,0,0,0.0,Directo,,,B,B,,,T   ,0.6052205189947935,0.0,0.0,0.0,0.0,0.0,0.0,0.0,0.0,0.0,0.0,0.0,0.0,,0.0,0.0,0.0,0.0,0.0,0.0,0.0
1,20000093,D240,3.625,0.125,2.25,0.175,0,5.25,0.025,0.05,0.0,0.0,0,22,0.9710144927536232,Directo,,Puerto Varas,A,A,0.0972785387718114,0.7969780569997804,T   ,0.6052205189947935,26.834771749220206,9.075000000000001,24.425,4.472461958203368,22.06975652518654,4.765015224033665,14.477826086956522,6.408695652173913,1.1846376811594201,1.136086956521739,3.1557971014492754,0.47579710144927534,,0.0,0.0,51.26384057971014,3.75,5.325,0.0,24.425
2,20000093,D250,0.0,0.0,0.0,0.0,0,0.0,0.0,0.0,0.0,0.0,0,0,0.0,Directo,,Los Muermos,B,A,0.0972785387718114,0.1618400789041537,T   ,0.6052205189947935,0.0,0.0,0.0,0.0,0.0,0.0,0.0,0.0,0.0,0.0,0.0,0.0,,0.0,0.0,0.0,0.0,0.0,0.0,0.0
3,20000093,D260,0.0,0.0,0.0,0.0,0,0.0,0.0,0.225,0.275,0.5,0,0,0.028985507246376812,Directo,,Puerto Montt,A,A,0.0972785387718114,1.317687831346114,T   ,0.6052205189947935,0.8010379626632897,0.225,0.775,0.1335063271105483,0.6587987022443744,0.1422392604189154,0.4321739130434783,0.19130434782608696,0.03536231884057971,0.033913043478260865,0.09420289855072464,0.014202898550724638,,0.0,0.0,1.576159420289855,0.0,0.225,0.775,0.0
