,IdMaterial,IdCeSum,2021/12,2022/1,2022/10,2022/11,2022/2,2022/3,2022/4,2022/5,2022/6,2022/7,2022/8,2022/9,Porcentaje,Provision,LeadTime,Sucursal,ABC_Sucursal,ABC,Margen_Total,Margen_Suc,UMBase,MAPE,AcumProy,AcumEsp,AcumPost,MeanSupply,Trim Proy 2022/12 - 2023/2,Trim Proy 2023/3 - 2023/5,DdaProy 2022/12,DdaProy 2023/1,DdaProy 2023/2,DdaProy 2023/3,DdaProy 2023/4,DdaProy 2023/5,PeriodROP,MeanSupply2,StdSupply2,DdaAnual,Trim 2021/12 - 2022/2,Trim 2022/3 - 2022/5,Trim 2022/6 - 2022/8,Trim 2022/9 - 2022/11
0,20000340,D240,0,0.1,0,0,5.0,0.7750000000000004,0.0,0.1,0.0,0.0,0.0,0,0.07073098549866824,Directo,,Puerto Varas,A,A,0.1545112710533353,0.2646949024676023,T   ,0.6482125380183819,0.31766446883203675,5.975,0.0,0.0529440781386728,0.0,0.31766446883203675,0.0,0.0,0.0,0.0,0.31758212488902043,0.0,,0.0,0.0,0.31758212488902043,5.1,0.8750000000000003,0.0,0
1,20000340,D250,0,0.0,0,0,1.575,11.425,2.0,0.0,0.0,0.0,0.0,0,0.17756732761171945,Directo,,Los Muermos,A,A,0.1545112710533353,0.5131863882872305,T   ,0.6482125380183819,0.7974840221724773,15.0,0.0,0.1329140036954129,0.0,0.7974840221724773,0.0,0.0,0.0,0.0,0.7972773009766204,0.0,,0.0,0.0,0.7972773009766204,1.575,13.425,0.0,0
2,20000340,D260,0,0.0,0,0,1.45,2.55,0.0,0.0,0.0,0.0,0.0,0,0.04735128736312519,Directo,,Puerto Montt,A,A,0.1545112710533353,0.4031293813028049,T   ,0.6482125380183819,0.21266240591266064,4.0,0.0,0.03544373431877677,0.0,0.21266240591266064,0.0,0.0,0.0,0.0,0.2126072802604321,0.0,,0.0,0.0,0.2126072802604321,1.45,2.55,0.0,0
3,20000340,D270,0,0.0,0,0,0.0,0.0,33.025,6.775,14.125,5.25,0.325,0,0.7043503995264871,Directo,,Ancud,A,A,0.1545112710533353,0.4526132649057759,T   ,0.6482125380183819,3.1633532879508266,39.8,19.7,0.5272255479918044,0.0,3.1633532879508266,0.0,0.0,0.0,0.0,3.1625332938739272,0.0,,0.0,0.0,22.862533293873927,0.0,39.8,19.7,0
