,IdMaterial,IdCeSum,2021/10,2021/11,2021/12,2022/1,2022/2,2022/3,2022/4,2022/5,2022/6,2022/7,2022/8,2022/9,Porcentaje,Provision,LeadTime,Sucursal,ABC_Sucursal,ABC,Margen_Total,Margen_Suc,UMBase,MAPE,AcumProy,AcumEsp,AcumPost,MeanSupply,Trim Proy 2022/10 - 2022/12,Trim Proy 2023/1 - 2023/3,DdaProy 2022/10,DdaProy 2022/11,DdaProy 2022/12,DdaProy 2023/1,DdaProy 2023/2,DdaProy 2023/3,PeriodROP,MeanSupply2,StdSupply2,DdaAnual,Trim 2021/10 - 2021/12,Trim 2022/1 - 2022/3,Trim 2022/4 - 2022/6,Trim 2022/7 - 2022/9
0,97000013,D110,17,0,0,0,0,0,62,0,0,0,0,0,0.18632075471698112,Directo,,Los Angeles,C,C,0.0,0.0,UN  ,0.6150458927724731,32.953210008034894,17,62,5.492201668005815,14.923148305869582,18.030061702165312,0.9520990566037736,6.262240566037735,7.709952830188679,7.79752358490566,8.48691037735849,1.745825471698113,,0.0,0.0,94.95455188679244,17,0,62,0
1,97000013,D120,0,0,0,0,0,0,0,0,0,0,0,0,0.0,Directo,,,B,B,,,UN  ,0.6150458927724731,0.0,0,0,0.0,0.0,0.0,0.0,0.0,0.0,0.0,0.0,0.0,,0.0,0.0,0.0,0,0,0,0
2,97000013,D150,0,0,65,0,0,0,55,13,58,0,35,0,0.5330188679245284,Directo,,Valdivia,C,C,0.0,0.0,UN  ,0.6150458927724731,94.27120837741629,65,161,15.711868062902715,42.69153819147501,51.579670185941275,2.72372641509434,17.914764150943398,22.056320754716985,22.30683962264151,24.279009433962266,4.99438679245283,,0.0,0.0,255.27504716981133,65,0,126,35
3,97000013,D190,0,0,0,0,0,0,55,27,0,20,17,0,0.2806603773584906,Directo,,Osorno,C,C,0.0,0.0,UN  ,0.6150458927724731,49.63837963235636,0,119,8.273063272059394,22.479172764537726,27.159206867818636,1.434174528301887,9.432995283018869,11.613726415094341,11.745636792452832,12.784080188679246,2.6297877358490567,,0.0,0.0,168.64040094339623,0,0,82,37
4,97000013,D220,0,0,0,0,0,0,0,0,0,0,0,0,0.0,Directo,,,B,B,,,UN  ,0.6150458927724731,0.0,0,0,0.0,0.0,0.0,0.0,0.0,0.0,0.0,0.0,0.0,,0.0,0.0,0.0,0,0,0,0
