,IdMaterial,IdCeSum,2021/12,2022/1,2022/10,2022/11,2022/2,2022/3,2022/4,2022/5,2022/6,2022/7,2022/8,2022/9,Porcentaje,Provision,LeadTime,Sucursal,ABC_Sucursal,ABC,Margen_Total,Margen_Suc,UMBase,MAPE,AcumProy,AcumEsp,AcumPost,MeanSupply,Trim Proy 2022/12 - 2023/2,Trim Proy 2023/3 - 2023/5,DdaProy 2022/12,DdaProy 2023/1,DdaProy 2023/2,DdaProy 2023/3,DdaProy 2023/4,DdaProy 2023/5,PeriodROP,MeanSupply2,StdSupply2,DdaAnual,Trim 2021/12 - 2022/2,Trim 2022/3 - 2022/5,Trim 2022/6 - 2022/8,Trim 2022/9 - 2022/11
0,13000180,D100,0,0,0,0,0,0,0,0,0,0,0,0,0.0,Directo,,,B,B,,,UN  ,0.5926024985118161,0.0,0,0,0.0,0.0,0.0,0.0,0.0,0.0,0.0,0.0,0.0,,0.0,0.0,0.0,0,0,0,0
1,13000180,D120,0,0,0,0,0,0,0,0,0,0,0,0,0.0,Directo,,,B,B,,,UN  ,0.5926024985118161,0.0,0,0,0.0,0.0,0.0,0.0,0.0,0.0,0.0,0.0,0.0,,0.0,0.0,0.0,0,0,0,0
2,13000180,D130,0,0,0,0,0,0,0,0,0,0,0,0,0.0,Directo,,,B,B,,,UN  ,0.5926024985118161,0.0,0,0,0.0,0.0,0.0,0.0,0.0,0.0,0.0,0.0,0.0,,0.0,0.0,0.0,0,0,0,0
3,13000180,D150,0,0,0,0,0,0,0,0,0,0,0,0,0.0,Directo,,,B,B,,,UN  ,0.5926024985118161,0.0,0,0,0.0,0.0,0.0,0.0,0.0,0.0,0.0,0.0,0.0,,0.0,0.0,0.0,0,0,0,0
4,13000180,D180,0,0,0,0,0,0,0,0,0,0,0,0,0.0,Directo,,,B,B,,,UN  ,0.5926024985118161,0.0,0,0,0.0,0.0,0.0,0.0,0.0,0.0,0.0,0.0,0.0,,0.0,0.0,0.0,0,0,0,0
5,13000180,D240,0,0,0,0,0,0,0,0,0,0,0,0,0.0,Directo,,,B,B,,,UN  ,0.5926024985118161,0.0,0,0,0.0,0.0,0.0,0.0,0.0,0.0,0.0,0.0,0.0,,0.0,0.0,0.0,0,0,0,0
6,13000180,D250,0,0,0,0,0,0,0,0,0,0,1,0,1.0,Directo,,Los Muermos,C,C,0.0001379132270468,0.0017324175800893,UN  ,0.5926024985118161,2.127698715790867,0,1,0.3546164526318112,1.311443245554743,0.8162554702361244,1.31,0.0,0.0,0.47,0.0,0.34,,0.0,0.0,3.12,0,0,1,0
