,IdMaterial,IdCeSum,2021/12,2022/1,2022/10,2022/11,2022/2,2022/3,2022/4,2022/5,2022/6,2022/7,2022/8,2022/9,Porcentaje,Provision,LeadTime,Sucursal,ABC_Sucursal,ABC,Margen_Total,Margen_Suc,UMBase,MAPE,AcumProy,AcumEsp,AcumPost,MeanSupply,Trim Proy 2022/12 - 2023/2,Trim Proy 2023/3 - 2023/5,DdaProy 2022/12,DdaProy 2023/1,DdaProy 2023/2,DdaProy 2023/3,DdaProy 2023/4,DdaProy 2023/5,PeriodROP,MeanSupply2,StdSupply2,DdaAnual,Trim 2021/12 - 2022/2,Trim 2022/3 - 2022/5,Trim 2022/6 - 2022/8,Trim 2022/9 - 2022/11
0,20000133,D130,0.0,0.0,0,0,0.0,0.325,0.0,0.0,0,0,0,0.0,0.013457556935817806,Directo,,Panguipulli,A,A,0.4004937064861354,0.7826769547242937,T   ,0.5404071742577684,0.021224499567213066,0.325,0.0,0.003537416594535511,0.0,0.021224499567213066,0.0,0.0,0.0,0.0,0.021262939958592134,0.0,,0.0,0.0,0.021262939958592134,0.0,0.325,0,0.0
1,20000133,D150,4.1,0.05,0,0,0.025,0.0,0.0,0.0,0,0,0,0.975,0.21325051759834368,Directo,,Valdivia,B,A,0.4004937064861354,0.1037908206930699,T   ,0.5404071742577684,0.33632668544968397,4.175,0.975,0.056054447574947326,0.0,0.33632668544968397,0.0,0.0,0.0,0.0,0.336935817805383,0.0,,0.0,0.0,1.311935817805383,4.175,0.0,0,0.975
2,20000133,D180,0.0,0.0,0,0,0.0,0.0,0.0,0.0,0,0,0,0.0,0.0,Directo,,Rio Bueno,B,A,0.4004937064861354,0.087073477159928,T   ,0.5404071742577684,0.0,0.0,0.0,0.0,0.0,0.0,0.0,0.0,0.0,0.0,0.0,0.0,,0.0,0.0,0.0,0.0,0.0,0,0.0
3,20000133,D190,0.0,0.0,0,0,0.0,0.0,0.0,0.05,0,0,0,0.0,0.002070393374741201,Directo,,Osorno,A,A,0.4004937064861354,1.225932207258145,T   ,0.5404071742577684,0.003265307625725087,0.05,0.0,0.0005442179376208479,0.0,0.003265307625725087,0.0,0.0,0.0,0.0,0.0032712215320910977,0.0,,0.0,0.0,0.0032712215320910977,0.0,0.05,0,0.0
4,20000133,D220,0.0,0.0,0,0,0.0,3.8,11.825,0.0,0,0,3,0.0,0.7712215320910973,Directo,,Purranque,A,A,0.4004937064861354,0.4874046954022119,T   ,0.5404071742577684,1.216327090582595,15.625,3.0,0.20272118176376583,0.0,1.216327090582595,0.0,0.0,0.0,0.0,1.2185300207039338,0.0,,0.0,0.0,4.218530020703934,0.0,15.625,3,0.0
