,IdMaterial,UMBase,DdaProy 2022/12,DdaProy 2023/1,DdaProy 2023/2,DdaProy 2023/3,DdaProy 2023/4,DdaProy 2023/5,2021/12,2022/1,2022/2,2022/3,2022/4,2022/5,2022/6,2022/7,2022/8,2022/9,2022/10,2022/11,Trim 2021/12 - 2022/2,Trim 2022/3 - 2022/5,Trim 2022/6 - 2022/8,Trim 2022/9 - 2022/11,Trim Proy 2022/12 - 2023/2,Trim Proy 2023/3 - 2023/5,DdaAnual,AcumEsp,AcumPost,MeanSupply,MAPE,ABC,ServiceLevel,LeadTime,MeanSupply2,StdSupply2
0,41001287,UN  ,263.56118716292696,240.43299687063057,225.27518210266993,262.921368266862,256.9504267927292,274.3833870430788,284,260,105,329,237,339,338,246,378,173,268,204,649,905,962,645,729.2696130495126,794.2545131579906,3130.5245482388973,1554,1607,253.92075803981626,0.02963551480137544,A,0.98,7.0,122.99522067603259,6.669715885660941
