,IdMaterial,UMBase,DdaProy 2022/12,DdaProy 2023/1,DdaProy 2023/2,DdaProy 2023/3,DdaProy 2023/4,DdaProy 2023/5,2021/12,2022/1,2022/2,2022/3,2022/4,2022/5,2022/6,2022/7,2022/8,2022/9,2022/10,2022/11,Trim 2021/12 - 2022/2,Trim 2022/3 - 2022/5,Trim 2022/6 - 2022/8,Trim 2022/9 - 2022/11,Trim Proy 2022/12 - 2023/2,Trim Proy 2023/3 - 2023/5,DdaAnual,AcumEsp,AcumPost,MeanSupply,MAPE,ABC,ServiceLevel,LeadTime,MeanSupply2,StdSupply2
0,23000101,UN  ,2.620226700251889,2.7122921914357687,2.0537027707808564,2.2618136020151134,2.3016372795969775,2.6108060453400506,0,9,0,0,1,0,0,0,0,0,5,2,9,1,0,7,7.3860642310031235,7.1744636106058115,21.560478589420654,10,7,2.4267464315701095,0.1949815932360969,B,0.95,7.0,1.2227724601175483,0.43626049327577837
