,IdMaterial,UMBase,DdaProy 2022/12,DdaProy 2023/1,DdaProy 2023/2,DdaProy 2023/3,DdaProy 2023/4,DdaProy 2023/5,2021/12,2022/1,2022/2,2022/3,2022/4,2022/5,2022/6,2022/7,2022/8,2022/9,2022/10,2022/11,Trim 2021/12 - 2022/2,Trim 2022/3 - 2022/5,Trim 2022/6 - 2022/8,Trim 2022/9 - 2022/11,Trim Proy 2022/12 - 2023/2,Trim Proy 2023/3 - 2023/5,DdaAnual,AcumEsp,AcumPost,MeanSupply,MAPE,ABC,ServiceLevel,LeadTime,MeanSupply2,StdSupply2
0,11002591,UN  ,35.32792979249543,42.63969196860553,40.34322922266423,42.44649500053758,42.32942963122245,37.637428771099884,10,0,0,50,0,0,180,150,50,5,40,0,10,50,380,45,118.31072452910333,122.41344891892248,665.7242043866252,60,425,40.120700731104186,0.08336572886693755,A,0.98,7.0,16.48636723649787,2.5148908668598726
