,IdMaterial,UMBase,DdaProy 2022/12,DdaProy 2023/1,DdaProy 2023/2,DdaProy 2023/3,DdaProy 2023/4,DdaProy 2023/5,2021/12,2022/1,2022/2,2022/3,2022/4,2022/5,2022/6,2022/7,2022/8,2022/9,2022/10,2022/11,Trim 2021/12 - 2022/2,Trim 2022/3 - 2022/5,Trim 2022/6 - 2022/8,Trim 2022/9 - 2022/11,Trim Proy 2022/12 - 2023/2,Trim Proy 2023/3 - 2023/5,DdaAnual,AcumEsp,AcumPost,MeanSupply,MAPE,ABC,ServiceLevel,LeadTime,MeanSupply2,StdSupply2
0,21000003,L   ,45.18665712240515,69.01760916249106,76.48389405869722,38.90370794559771,15.10574087329993,5.097551896921977,11.37,22.74,166.76,30.32,45.48,0.0,0.0,0.0,0.0,0.0,49.27,37.9,200.87,75.8,0.0,87.17,190.6881268764084,59.10686364957348,336.96516105941305,276.67,87.17,41.63252684323551,0.2501899183884677,A,0.98,7.0,21.087106657122405,9.64636355857465
