,IdMaterial,UMBase,DdaProy 2022/12,DdaProy 2023/1,DdaProy 2023/2,DdaProy 2023/3,DdaProy 2023/4,DdaProy 2023/5,2021/12,2022/1,2022/2,2022/3,2022/4,2022/5,2022/6,2022/7,2022/8,2022/9,2022/10,2022/11,Trim 2021/12 - 2022/2,Trim 2022/3 - 2022/5,Trim 2022/6 - 2022/8,Trim 2022/9 - 2022/11,Trim Proy 2022/12 - 2023/2,Trim Proy 2023/3 - 2023/5,DdaAnual,AcumEsp,AcumPost,MeanSupply,MAPE,ABC,ServiceLevel,LeadTime,MeanSupply2,StdSupply2
0,10000007,UN  ,0.4888214565387627,0.3487940485512921,0.28194596711041503,0.3432850430696946,0.48002349256068905,0.4569733750978856,0,0,0,0,4,3,0,0,0,0,0,0,0,7,0,0,1.1195725095726246,1.2802940978188189,2.399843382928739,7,0,0.39997389715478987,0.13567960245270783,B,0.95,7.0,0.22811667971808927,0.056634129125150236
