,IdMaterial,UMBase,DdaProy 2022/12,DdaProy 2023/1,DdaProy 2023/2,DdaProy 2023/3,DdaProy 2023/4,DdaProy 2023/5,2021/12,2022/1,2022/2,2022/3,2022/4,2022/5,2022/6,2022/7,2022/8,2022/9,2022/10,2022/11,Trim 2021/12 - 2022/2,Trim 2022/3 - 2022/5,Trim 2022/6 - 2022/8,Trim 2022/9 - 2022/11,Trim Proy 2022/12 - 2023/2,Trim Proy 2023/3 - 2023/5,DdaAnual,AcumEsp,AcumPost,MeanSupply,MAPE,ABC,ServiceLevel,LeadTime,MeanSupply2,StdSupply2
0,21000491,L   ,127.23856477373558,51.698771073646846,27.397579858030166,26.192562111801244,54.53192768411713,128.41823425022184,28,2,0,0,400,268,162,157,632,-9,32,86,30,668,951,109,206.33582546707555,209.14268012548433,1475.477639751553,698,1060,69.24627329192548,0.23457212952095835,A,0.98,7.0,59.37799689440994,25.486404741888293
