,IdMaterial,UMBase,DdaProy 2022/12,DdaProy 2023/1,DdaProy 2023/2,DdaProy 2023/3,DdaProy 2023/4,DdaProy 2023/5,2021/12,2022/1,2022/2,2022/3,2022/4,2022/5,2022/6,2022/7,2022/8,2022/9,2022/10,2022/11,Trim 2021/12 - 2022/2,Trim 2022/3 - 2022/5,Trim 2022/6 - 2022/8,Trim 2022/9 - 2022/11,Trim Proy 2022/12 - 2023/2,Trim Proy 2023/3 - 2023/5,DdaAnual,AcumEsp,AcumPost,MeanSupply,MAPE,ABC,ServiceLevel,LeadTime,MeanSupply2,StdSupply2
0,21000027,L   ,279.0222737819025,279.4663573085847,351.49976798143854,457.56375870069604,374.9550348027842,372.90612529002317,0,0,60,40,20,0,0,3000,360,480,0,0,60,60,3360,480,909.9890298638206,1205.4257845110953,5955.413317865429,120,3840,352.5688863109049,0.3664783359509717,A,0.98,7.0,130.2103944315545,59.56515629269281
