,IdMaterial,UMBase,DdaProy 2022/12,DdaProy 2023/1,DdaProy 2023/2,DdaProy 2023/3,DdaProy 2023/4,DdaProy 2023/5,2021/12,2022/1,2022/2,2022/3,2022/4,2022/5,2022/6,2022/7,2022/8,2022/9,2022/10,2022/11,Trim 2021/12 - 2022/2,Trim 2022/3 - 2022/5,Trim 2022/6 - 2022/8,Trim 2022/9 - 2022/11,Trim Proy 2022/12 - 2023/2,Trim Proy 2023/3 - 2023/5,DdaAnual,AcumEsp,AcumPost,MeanSupply,MAPE,ABC,ServiceLevel,LeadTime,MeanSupply2,StdSupply2
0,22000550,KG  ,871.7045937776468,266.7780768947213,1508.1944946181068,832.204353066942,68.08826194337954,396.8351691978767,0,0,0,0,0,25,0,0,6100,8578,6100,0,0,25,6100,14678,2646.67073650175,1297.132992907382,24721.804949498674,25,20778,657.3008249164455,0.6297552489981025,B,0.95,7.0,406.7954770962352,186.08987614375746
