,IdMaterial,UMBase,DdaProy 2022/12,DdaProy 2023/1,DdaProy 2023/2,DdaProy 2023/3,DdaProy 2023/4,DdaProy 2023/5,2021/12,2022/1,2022/2,2022/3,2022/4,2022/5,2022/6,2022/7,2022/8,2022/9,2022/10,2022/11,Trim 2021/12 - 2022/2,Trim 2022/3 - 2022/5,Trim 2022/6 - 2022/8,Trim 2022/9 - 2022/11,Trim Proy 2022/12 - 2023/2,Trim Proy 2023/3 - 2023/5,DdaAnual,AcumEsp,AcumPost,MeanSupply,MAPE,ABC,ServiceLevel,LeadTime,MeanSupply2,StdSupply2
0,13000234,T   ,19.421734860883795,14.520726677577741,21.94936497545008,16.676749590834696,15.365607201309327,15.334055646481177,12.675,5.8,6.4750000000000005,10.175,8.275,3.875,23.45,20.1,33.25,24.75,24.375,41.0,24.950000000000003,22.325000000000003,76.8,90.125,55.89006413644315,47.37478684391196,270.19323895253683,47.275,166.925,17.211373158756135,0.12666960733580263,A,0.98,7.0,9.063476268412439,2.1007474679035454
