,IdMaterial,UMBase,DdaProy 2022/12,DdaProy 2023/1,DdaProy 2023/2,DdaProy 2023/3,DdaProy 2023/4,DdaProy 2023/5,2021/12,2022/1,2022/2,2022/3,2022/4,2022/5,2022/6,2022/7,2022/8,2022/9,2022/10,2022/11,Trim 2021/12 - 2022/2,Trim 2022/3 - 2022/5,Trim 2022/6 - 2022/8,Trim 2022/9 - 2022/11,Trim Proy 2022/12 - 2023/2,Trim Proy 2023/3 - 2023/5,DdaAnual,AcumEsp,AcumPost,MeanSupply,MAPE,ABC,ServiceLevel,LeadTime,MeanSupply2,StdSupply2
0,11000374,UN  ,1.6330808597748208,2.1636847492323437,1.8084749232343909,7.062190378710337,20.04577277379734,18.12822927328557,0,0,0,0,16,52,1,1,2,0,0,0,0,68,4,0,5.604974177703349,45.23593929064886,54.8414329580348,68,4,8.473572159672466,0.10950490642490092,A,0.98,7.0,0.7621044012282497,0.15270549694843058
