,IdMaterial,UMBase,DdaProy 2022/12,DdaProy 2023/1,DdaProy 2023/2,DdaProy 2023/3,DdaProy 2023/4,DdaProy 2023/5,2021/12,2022/1,2022/2,2022/3,2022/4,2022/5,2022/6,2022/7,2022/8,2022/9,2022/10,2022/11,Trim 2021/12 - 2022/2,Trim 2022/3 - 2022/5,Trim 2022/6 - 2022/8,Trim 2022/9 - 2022/11,Trim Proy 2022/12 - 2023/2,Trim Proy 2023/3 - 2023/5,DdaAnual,AcumEsp,AcumPost,MeanSupply,MAPE,ABC,ServiceLevel,LeadTime,MeanSupply2,StdSupply2
0,11000376,UN  ,2.5632530120481927,3.0746987951807228,3.552409638554217,10.660843373493975,15.037951807228914,13.792168674698795,2,0,2,3,11,56,1,2,0,-2,0,0,4,70,3,-2,9.190512868415844,39.491114058370435,49.681325301204815,74,1,8.113554216867469,0.16827302186071585,A,0.98,7.0,1.1961847389558233,0.3683149724094741
