,IdMaterial,UMBase,DdaProy 2022/12,DdaProy 2023/1,DdaProy 2023/2,DdaProy 2023/3,DdaProy 2023/4,DdaProy 2023/5,2021/12,2022/1,2022/2,2022/3,2022/4,2022/5,2022/6,2022/7,2022/8,2022/9,2022/10,2022/11,Trim 2021/12 - 2022/2,Trim 2022/3 - 2022/5,Trim 2022/6 - 2022/8,Trim 2022/9 - 2022/11,Trim Proy 2022/12 - 2023/2,Trim Proy 2023/3 - 2023/5,DdaAnual,AcumEsp,AcumPost,MeanSupply,MAPE,ABC,ServiceLevel,LeadTime,MeanSupply2,StdSupply2
0,25000092,UN  ,1.3840599001663894,1.5814891846921797,0.8213311148086523,0.6868136439267887,0.7489351081530783,1.1901081530782032,0,0,7,8,2,0,0,0,2,0,0,0,7,10,2,0,3.786880201876417,2.6258222425783284,8.412737104825291,17,2,1.0687895174708817,0.1429649315185229,A,0.98,7.0,0.6458946200776484,0.16896541146111863
