,IdMaterial,UMBase,DdaProy 2022/12,DdaProy 2023/1,DdaProy 2023/2,DdaProy 2023/3,DdaProy 2023/4,DdaProy 2023/5,2021/12,2022/1,2022/2,2022/3,2022/4,2022/5,2022/6,2022/7,2022/8,2022/9,2022/10,2022/11,Trim 2021/12 - 2022/2,Trim 2022/3 - 2022/5,Trim 2022/6 - 2022/8,Trim 2022/9 - 2022/11,Trim Proy 2022/12 - 2023/2,Trim Proy 2023/3 - 2023/5,DdaAnual,AcumEsp,AcumPost,MeanSupply,MAPE,ABC,ServiceLevel,LeadTime,MeanSupply2,StdSupply2
0,14000088,T   ,18.751829791034115,13.185570191105555,12.302537506697623,13.229721825325953,11.126211823539919,11.911480175031258,21.546000000000003,19.674,17.154,20.79,20.412,26.478,25.092,24.21,19.224,16.541999999999998,25.848,17.298000000000002,58.373999999999995,67.68,68.526,59.688,44.2381292832299,36.267579506756185,208.72135131273438,126.054,128.214,13.417891885455738,0.09145128685490761,A,0.98,120.0,60.06577540632256,3.3925555737696564
