,IdMaterial,UMBase,DdaProy 2022/12,DdaProy 2023/1,DdaProy 2023/2,DdaProy 2023/3,DdaProy 2023/4,DdaProy 2023/5,2021/12,2022/1,2022/2,2022/3,2022/4,2022/5,2022/6,2022/7,2022/8,2022/9,2022/10,2022/11,Trim 2021/12 - 2022/2,Trim 2022/3 - 2022/5,Trim 2022/6 - 2022/8,Trim 2022/9 - 2022/11,Trim Proy 2022/12 - 2023/2,Trim Proy 2023/3 - 2023/5,DdaAnual,AcumEsp,AcumPost,MeanSupply,MAPE,ABC,ServiceLevel,LeadTime,MeanSupply2,StdSupply2
0,13000063,T   ,2.5819211709116057,1.9553094387461105,1.9465333640659215,3.185715108908609,2.6679267027774576,2.789036533364066,8.0,0.0,3.0,5.25,1.45,5.0,7.3,5.575,2.5,0.0,0.0,0.0,11.0,11.7,15.375,0.0,6.482143534847112,8.642754932530627,30.501442318773773,22.7,15.375,2.5210737197956283,0.14591096802923317,A,0.98,7.0,1.204896546425416,0.3216950073968208
