,IdMaterial,UMBase,DdaProy 2022/12,DdaProy 2023/1,DdaProy 2023/2,DdaProy 2023/3,DdaProy 2023/4,DdaProy 2023/5,2021/12,2022/1,2022/2,2022/3,2022/4,2022/5,2022/6,2022/7,2022/8,2022/9,2022/10,2022/11,Trim 2021/12 - 2022/2,Trim 2022/3 - 2022/5,Trim 2022/6 - 2022/8,Trim 2022/9 - 2022/11,Trim Proy 2022/12 - 2023/2,Trim Proy 2023/3 - 2023/5,DdaAnual,AcumEsp,AcumPost,MeanSupply,MAPE,ABC,ServiceLevel,LeadTime,MeanSupply2,StdSupply2
0,41700010,L   ,2498.6852536231886,4276.598224637681,4330.054601449276,4383.518985507246,4436.975362318841,4490.431739130435,5040,5040,3570,420,5040,4620,2520,5670,4410,630,5040,4410,13650,10080,12600,10080,11105.343510795445,13310.920527771115,47096.26416666667,23730,22680,4069.3773611111114,0.17546229950447223,A,0.98,7.0,1166.053118357488,374.37666732107596
