,IdMaterial,UMBase,DdaProy 2022/12,DdaProy 2023/1,DdaProy 2023/2,DdaProy 2023/3,DdaProy 2023/4,DdaProy 2023/5,2021/12,2022/1,2022/2,2022/3,2022/4,2022/5,2022/6,2022/7,2022/8,2022/9,2022/10,2022/11,Trim 2021/12 - 2022/2,Trim 2022/3 - 2022/5,Trim 2022/6 - 2022/8,Trim 2022/9 - 2022/11,Trim Proy 2022/12 - 2023/2,Trim Proy 2023/3 - 2023/5,DdaAnual,AcumEsp,AcumPost,MeanSupply,MAPE,ABC,ServiceLevel,LeadTime,MeanSupply2,StdSupply2
0,25000681,UN  ,218.39349324029658,113.55860444832099,218.84752725686872,180.87775839511556,232.6939991277802,219.96225904928042,872,455,1230,269,12,720,300,245,610,107,495,429,2557,1001,1155,1031,550.8007675774277,633.5317058677057,3370.3336415176627,3558,2186,197.38894025294374,0.1420037646675244,A,0.98,7.0,101.91696351213841,26.482132647482988
