,IdMaterial,UMBase,DdaProy 2022/12,DdaProy 2023/1,DdaProy 2023/2,DdaProy 2023/3,DdaProy 2023/4,DdaProy 2023/5,2021/12,2022/1,2022/2,2022/3,2022/4,2022/5,2022/6,2022/7,2022/8,2022/9,2022/10,2022/11,Trim 2021/12 - 2022/2,Trim 2022/3 - 2022/5,Trim 2022/6 - 2022/8,Trim 2022/9 - 2022/11,Trim Proy 2022/12 - 2023/2,Trim Proy 2023/3 - 2023/5,DdaAnual,AcumEsp,AcumPost,MeanSupply,MAPE,ABC,ServiceLevel,LeadTime,MeanSupply2,StdSupply2
0,23000058,UN  ,4.069940289126336,3.751178504085481,3.1658390949088626,3.593636077938404,4.02539283469516,4.415713387806411,5,13,0,1,1,12,0,0,4,2,1,6,18,14,4,9,10.9869331106046,12.034727857526386,36.02170018856066,32,13,3.836950031426776,0.09366042801939192,A,0.98,7.0,1.899305468258957,0.32550493646788536
