,IdMaterial,UMBase,DdaProy 2022/12,DdaProy 2023/1,DdaProy 2023/2,DdaProy 2023/3,DdaProy 2023/4,DdaProy 2023/5,2021/12,2022/1,2022/2,2022/3,2022/4,2022/5,2022/6,2022/7,2022/8,2022/9,2022/10,2022/11,Trim 2021/12 - 2022/2,Trim 2022/3 - 2022/5,Trim 2022/6 - 2022/8,Trim 2022/9 - 2022/11,Trim Proy 2022/12 - 2023/2,Trim Proy 2023/3 - 2023/5,DdaAnual,AcumEsp,AcumPost,MeanSupply,MAPE,ABC,ServiceLevel,LeadTime,MeanSupply2,StdSupply2
0,10000517,UN  ,9.894362850971921,9.76976241900648,9.824190064794816,10.010215982721382,10.010215982721382,10.010215982721382,0,8,0,0,0,100,0,0,0,0,0,0,8,100,0,0,29.488202009423066,30.030598069031903,59.518963282937364,108,0,9.919827213822893,0.067057544281484,A,0.98,7.0,4.617369330453563,0.566563877292854
