,IdMaterial,UMBase,DdaProy 2022/12,DdaProy 2023/1,DdaProy 2023/2,DdaProy 2023/3,DdaProy 2023/4,DdaProy 2023/5,2021/12,2022/1,2022/2,2022/3,2022/4,2022/5,2022/6,2022/7,2022/8,2022/9,2022/10,2022/11,Trim 2021/12 - 2022/2,Trim 2022/3 - 2022/5,Trim 2022/6 - 2022/8,Trim 2022/9 - 2022/11,Trim Proy 2022/12 - 2023/2,Trim Proy 2023/3 - 2023/5,DdaAnual,AcumEsp,AcumPost,MeanSupply,MAPE,ABC,ServiceLevel,LeadTime,MeanSupply2,StdSupply2
0,14000003,T   ,0.2739924528301887,0.3061009433962264,0.3146632075471698,0.3232254716981132,0.36603679245283016,0.4730650943396226,0.142,0.21799999999999997,0.288,0.258,0.208,0.366,0.496,1.006,0.474,0.51,0.39799999999999996,0.1739999999999999,0.6479999999999999,0.832,1.976,1.0819999999999999,0.8925736233460306,1.1630135535776744,5.11508396226415,1.48,3.058,0.3428473270440251,0.12273580373591252,A,0.98,120.0,1.3033906603773584,0.09745717166900686
