,IdMaterial,UMBase,DdaProy 2022/12,DdaProy 2023/1,DdaProy 2023/2,DdaProy 2023/3,DdaProy 2023/4,DdaProy 2023/5,2021/12,2022/1,2022/2,2022/3,2022/4,2022/5,2022/6,2022/7,2022/8,2022/9,2022/10,2022/11,Trim 2021/12 - 2022/2,Trim 2022/3 - 2022/5,Trim 2022/6 - 2022/8,Trim 2022/9 - 2022/11,Trim Proy 2022/12 - 2023/2,Trim Proy 2023/3 - 2023/5,DdaAnual,AcumEsp,AcumPost,MeanSupply,MAPE,ABC,ServiceLevel,LeadTime,MeanSupply2,StdSupply2
0,25000085,UN  ,4.10948003014318,3.6627581009796537,3.195418236623964,4.440090429540317,5.558161266013564,6.162592313489073,0,0,6,2,0,0,12,6,2,0,0,20,6,2,20,20,10.967870781529937,16.160710218775936,67.12850037678976,8,40,4.521416729464959,0.14117208489901364,A,0.98,7.0,1.9177573474001506,0.4953921340475619
