,IdMaterial,UMBase,DdaProy 2022/12,DdaProy 2023/1,DdaProy 2023/2,DdaProy 2023/3,DdaProy 2023/4,DdaProy 2023/5,2021/12,2022/1,2022/2,2022/3,2022/4,2022/5,2022/6,2022/7,2022/8,2022/9,2022/10,2022/11,Trim 2021/12 - 2022/2,Trim 2022/3 - 2022/5,Trim 2022/6 - 2022/8,Trim 2022/9 - 2022/11,Trim Proy 2022/12 - 2023/2,Trim Proy 2023/3 - 2023/5,DdaAnual,AcumEsp,AcumPost,MeanSupply,MAPE,ABC,ServiceLevel,LeadTime,MeanSupply2,StdSupply2
0,14000016,T   ,1.470969721221822,1.0815072695744965,1.0305775643590769,1.0051127117513672,1.1009803921568626,1.0800093370681605,1.065,1.125,1.2,1.17,2.175,1.68,1.335,2.1149999999999998,1.3649999999999998,1.17,0.945,1.5,3.3899999999999997,5.0249999999999995,4.8149999999999995,3.6149999999999998,3.5826105453159056,3.1880498234958647,15.199156996131785,8.415,8.43,1.1281928326886308,0.08546138873308387,A,0.98,120.0,4.8450626917433635,0.2547899035695971
