,IdMaterial,UMBase,DdaProy 2022/12,DdaProy 2023/1,DdaProy 2023/2,DdaProy 2023/3,DdaProy 2023/4,DdaProy 2023/5,2021/12,2022/1,2022/2,2022/3,2022/4,2022/5,2022/6,2022/7,2022/8,2022/9,2022/10,2022/11,Trim 2021/12 - 2022/2,Trim 2022/3 - 2022/5,Trim 2022/6 - 2022/8,Trim 2022/9 - 2022/11,Trim Proy 2022/12 - 2023/2,Trim Proy 2023/3 - 2023/5,DdaAnual,AcumEsp,AcumPost,MeanSupply,MAPE,ABC,ServiceLevel,LeadTime,MeanSupply2,StdSupply2
0,11003493,UN  ,9.954966414777498,8.546639378673385,9.904235936188078,10.052199832073887,9.942951301427373,9.896337111670865,3,24,6,5,6,3,12,23,12,0,12,0,33,14,47,12,28.405859536403433,29.89142259665529,117.29732997481108,47,59,9.716221662468515,0.059787632170779356,A,0.98,7.0,4.645650993562833,0.5082349846203361
