,IdMaterial,UMBase,DdaProy 2022/12,DdaProy 2023/1,DdaProy 2023/2,DdaProy 2023/3,DdaProy 2023/4,DdaProy 2023/5,2021/12,2022/1,2022/2,2022/3,2022/4,2022/5,2022/6,2022/7,2022/8,2022/9,2022/10,2022/11,Trim 2021/12 - 2022/2,Trim 2022/3 - 2022/5,Trim 2022/6 - 2022/8,Trim 2022/9 - 2022/11,Trim Proy 2022/12 - 2023/2,Trim Proy 2023/3 - 2023/5,DdaAnual,AcumEsp,AcumPost,MeanSupply,MAPE,ABC,ServiceLevel,LeadTime,MeanSupply2,StdSupply2
0,21001778,L   ,111.81237642585552,28.031020278833967,23.201837769328264,22.964378960709762,22.151514575411912,29.741235741444868,175,0,0,0,0,0,70,0,0,45,45,170,175,0,70,260,163.04598806921337,74.85682456006677,567.9023637515843,175,330,39.650393958597384,0.15992006638093986,A,0.98,7.0,52.17910899873257,15.26884698195295
