,IdMaterial,UMBase,DdaProy 2022/12,DdaProy 2023/1,DdaProy 2023/2,DdaProy 2023/3,DdaProy 2023/4,DdaProy 2023/5,2021/12,2022/1,2022/2,2022/3,2022/4,2022/5,2022/6,2022/7,2022/8,2022/9,2022/10,2022/11,Trim 2021/12 - 2022/2,Trim 2022/3 - 2022/5,Trim 2022/6 - 2022/8,Trim 2022/9 - 2022/11,Trim Proy 2022/12 - 2023/2,Trim Proy 2023/3 - 2023/5,DdaAnual,AcumEsp,AcumPost,MeanSupply,MAPE,ABC,ServiceLevel,LeadTime,MeanSupply2,StdSupply2
0,14000079,T   ,5.907155776334224,6.242496497261494,6.345678257546808,6.5778372181887645,6.645550248376002,6.719712138581071,7.128,8.478,6.084,6.894,6.282,9.27,8.64,11.106,7.991999999999999,5.616,8.693999999999999,4.95,21.689999999999998,22.445999999999998,27.738,19.259999999999998,18.49464172837511,19.944908812055356,85.43643013628838,44.135999999999996,46.998000000000005,6.406405022714728,0.13496545187923767,A,0.98,120.0,26.623796140619028,2.1847604551676816
