,IdMaterial,UMBase,DdaProy 2022/12,DdaProy 2023/1,DdaProy 2023/2,DdaProy 2023/3,DdaProy 2023/4,DdaProy 2023/5,2021/12,2022/1,2022/2,2022/3,2022/4,2022/5,2022/6,2022/7,2022/8,2022/9,2022/10,2022/11,Trim 2021/12 - 2022/2,Trim 2022/3 - 2022/5,Trim 2022/6 - 2022/8,Trim 2022/9 - 2022/11,Trim Proy 2022/12 - 2023/2,Trim Proy 2023/3 - 2023/5,DdaAnual,AcumEsp,AcumPost,MeanSupply,MAPE,ABC,ServiceLevel,LeadTime,MeanSupply2,StdSupply2
0,14000018,T   ,1.3278146524733874,1.1994489668127737,1.1152410770194112,1.1501565435190981,1.2959799624295552,1.2600375704445834,1.035,1.2,1.44,1.305,0.8999999999999999,1.5,1.155,2.52,1.05,1.47,0.69,0.495,3.675,3.705,4.725,2.6550000000000002,3.6430175452804985,3.7057886936489504,14.728678772698808,7.379999999999999,7.38,1.2247797954498014,0.09839034915461907,A,0.98,120.0,5.095056564391567,0.3052552305143622
