,IdMaterial,UMBase,DdaProy 2022/12,DdaProy 2023/1,DdaProy 2023/2,DdaProy 2023/3,DdaProy 2023/4,DdaProy 2023/5,2021/12,2022/1,2022/2,2022/3,2022/4,2022/5,2022/6,2022/7,2022/8,2022/9,2022/10,2022/11,Trim 2021/12 - 2022/2,Trim 2022/3 - 2022/5,Trim 2022/6 - 2022/8,Trim 2022/9 - 2022/11,Trim Proy 2022/12 - 2023/2,Trim Proy 2023/3 - 2023/5,DdaAnual,AcumEsp,AcumPost,MeanSupply,MAPE,ABC,ServiceLevel,LeadTime,MeanSupply2,StdSupply2
0,41003135,L   ,42.14,38.719545454545454,35.52060606060606,40.52424242424242,40.45909090909091,35.05151515151515,2420,2200,440,2200,2200,1320,1320,660,880,1320,1320,2640,5060,5720,2860,5280,116.3796985584678,116.03399004503697,8372.415,10780,8140,38.73583333333334,0.05872727038643542,B,0.95,7.0,19.665333333333333,2.113234782504642
