,IdMaterial,UMBase,DdaProy 2022/12,DdaProy 2023/1,DdaProy 2023/2,DdaProy 2023/3,DdaProy 2023/4,DdaProy 2023/5,2021/12,2022/1,2022/2,2022/3,2022/4,2022/5,2022/6,2022/7,2022/8,2022/9,2022/10,2022/11,Trim 2021/12 - 2022/2,Trim 2022/3 - 2022/5,Trim 2022/6 - 2022/8,Trim 2022/9 - 2022/11,Trim Proy 2022/12 - 2023/2,Trim Proy 2023/3 - 2023/5,DdaAnual,AcumEsp,AcumPost,MeanSupply,MAPE,ABC,ServiceLevel,LeadTime,MeanSupply2,StdSupply2
0,10000837,UN  ,24.50278504994833,13.63133827075439,12.573360316913536,11.118542886668964,7.6850017223561835,7.9403083017568035,0,0,0,0,0,-76,20,0,81,2,0,200,0,-76,101,202,50.707561398666684,26.744003734300808,380.4513365483982,-76,303,12.908556091399701,0.3113328601280613,A,0.98,7.0,11.434633023309221,5.230809000743988
