,IdMaterial,UMBase,DdaProy 2022/12,DdaProy 2023/1,DdaProy 2023/2,DdaProy 2023/3,DdaProy 2023/4,DdaProy 2023/5,2021/12,2022/1,2022/2,2022/3,2022/4,2022/5,2022/6,2022/7,2022/8,2022/9,2022/10,2022/11,Trim 2021/12 - 2022/2,Trim 2022/3 - 2022/5,Trim 2022/6 - 2022/8,Trim 2022/9 - 2022/11,Trim Proy 2022/12 - 2023/2,Trim Proy 2023/3 - 2023/5,DdaAnual,AcumEsp,AcumPost,MeanSupply,MAPE,ABC,ServiceLevel,LeadTime,MeanSupply2,StdSupply2
0,21001233,KG  ,442.9410950019076,39.8511369706219,440.2038954597482,446.2340289965662,395.4050629530713,347.7363181991606,0,0,0,0,0,0,0,0,700,2880,4380,2910,0,0,700,10170,922.9932383114535,1189.3750471848618,12982.371537581075,0,10870,352.06192293017926,0.5527849625169492,A,0.98,7.0,206.70584433422357,94.55824151468293
