,IdMaterial,UMBase,DdaProy 2022/12,DdaProy 2023/1,DdaProy 2023/2,DdaProy 2023/3,DdaProy 2023/4,DdaProy 2023/5,2021/12,2022/1,2022/2,2022/3,2022/4,2022/5,2022/6,2022/7,2022/8,2022/9,2022/10,2022/11,Trim 2021/12 - 2022/2,Trim 2022/3 - 2022/5,Trim 2022/6 - 2022/8,Trim 2022/9 - 2022/11,Trim Proy 2022/12 - 2023/2,Trim Proy 2023/3 - 2023/5,DdaAnual,AcumEsp,AcumPost,MeanSupply,MAPE,ABC,ServiceLevel,LeadTime,MeanSupply2,StdSupply2
0,14000081,T   ,0.34947143412359116,0.3891022153128644,0.3710882238631947,0.4023124757092888,0.36508356004663817,0.4647609794014769,0.345,0.75,0.345,0.105,0.36,0.615,0.26999999999999996,0.30000000000000004,0.7650000000000001,0.22499999999999998,0.15,0.40499999999999997,1.44,1.08,1.3350000000000002,0.78,1.1087181626631923,1.232113840175653,4.456818888457055,2.5199999999999996,2.1149999999999998,0.39030314807617567,0.14394283388043222,A,0.98,120.0,1.5971605130198212,0.13985815426551249
