,IdMaterial,UMBase,DdaProy 2022/12,DdaProy 2023/1,DdaProy 2023/2,DdaProy 2023/3,DdaProy 2023/4,DdaProy 2023/5,2021/12,2022/1,2022/2,2022/3,2022/4,2022/5,2022/6,2022/7,2022/8,2022/9,2022/10,2022/11,Trim 2021/12 - 2022/2,Trim 2022/3 - 2022/5,Trim 2022/6 - 2022/8,Trim 2022/9 - 2022/11,Trim Proy 2022/12 - 2023/2,Trim Proy 2023/3 - 2023/5,DdaAnual,AcumEsp,AcumPost,MeanSupply,MAPE,ABC,ServiceLevel,LeadTime,MeanSupply2,StdSupply2
0,10000060,UN  ,0.10595707402540516,0.11350854139290406,0.13334209373631187,0.15724923346473937,0.18165571616294351,0.1746999561979851,0,0,0,1,0,0,1,0,0,0,0,0,0,1,1,0,0.35280907058051736,0.5136015465804544,1.8664126149802889,1,1,0.14440210249671484,0.07006883221903028,A,0.98,7.0,0.04944663454518908,0.006339693178382265
