,IdMaterial,UMBase,DdaProy 2022/12,DdaProy 2023/1,DdaProy 2023/2,DdaProy 2023/3,DdaProy 2023/4,DdaProy 2023/5,2021/12,2022/1,2022/2,2022/3,2022/4,2022/5,2022/6,2022/7,2022/8,2022/9,2022/10,2022/11,Trim 2021/12 - 2022/2,Trim 2022/3 - 2022/5,Trim 2022/6 - 2022/8,Trim 2022/9 - 2022/11,Trim Proy 2022/12 - 2023/2,Trim Proy 2023/3 - 2023/5,DdaAnual,AcumEsp,AcumPost,MeanSupply,MAPE,ABC,ServiceLevel,LeadTime,MeanSupply2,StdSupply2
0,25001168,UN  ,2.4751286449399656,3.4451114922813035,6.4888507718696395,2.4751286449399656,13.445969125214408,2.4751286449399656,0,5,31,14,34,8,18,1,5,0,1,0,36,56,24,1,12.409090909090908,18.39622641509434,55.80531732418525,92,25,5.134219554030874,0.3980562961795854,A,0.98,7.0,1.1550600343053172,0.5283858617524193
