,IdMaterial,UMBase,DdaProy 2022/12,DdaProy 2023/1,DdaProy 2023/2,DdaProy 2023/3,DdaProy 2023/4,DdaProy 2023/5,2021/12,2022/1,2022/2,2022/3,2022/4,2022/5,2022/6,2022/7,2022/8,2022/9,2022/10,2022/11,Trim 2021/12 - 2022/2,Trim 2022/3 - 2022/5,Trim 2022/6 - 2022/8,Trim 2022/9 - 2022/11,Trim Proy 2022/12 - 2023/2,Trim Proy 2023/3 - 2023/5,DdaAnual,AcumEsp,AcumPost,MeanSupply,MAPE,ABC,ServiceLevel,LeadTime,MeanSupply2,StdSupply2
0,10000139,UN  ,0.3633891493636972,0.3637307434695244,0.33846617548559943,0.3510247823174816,0.36341594105827196,0.36626925653047554,0,0,0,0,0,0,0,4,0,0,0,0,0,0,4,0,1.0655852106942403,1.0807134920323513,6.14629604822505,0,4,0.35771600803750836,0.10914905708746556,A,0.98,7.0,0.16958160303639203,0.033869231857781526
