,IdMaterial,UMBase,DdaProy 2022/12,DdaProy 2023/1,DdaProy 2023/2,DdaProy 2023/3,DdaProy 2023/4,DdaProy 2023/5,2021/12,2022/1,2022/2,2022/3,2022/4,2022/5,2022/6,2022/7,2022/8,2022/9,2022/10,2022/11,Trim 2021/12 - 2022/2,Trim 2022/3 - 2022/5,Trim 2022/6 - 2022/8,Trim 2022/9 - 2022/11,Trim Proy 2022/12 - 2023/2,Trim Proy 2023/3 - 2023/5,DdaAnual,AcumEsp,AcumPost,MeanSupply,MAPE,ABC,ServiceLevel,LeadTime,MeanSupply2,StdSupply2
0,21001212,L   ,0.24588751625487648,0.25238946684005203,0.22493498049414823,0.231111833550065,0.2253738621586476,0.22134265279583873,0,0,0,0,0,4,0,0,1,0,0,0,0,4,1,0,0.7231935626316486,0.677820644738724,2.4010403120936283,4,1,0.23350671868227135,0.45164337238030555,A,0.98,7.0,0.11474750758560903,0.05249160985474603
