,IdMaterial,UMBase,DdaProy 2022/12,DdaProy 2023/1,DdaProy 2023/2,DdaProy 2023/3,DdaProy 2023/4,DdaProy 2023/5,2021/12,2022/1,2022/2,2022/3,2022/4,2022/5,2022/6,2022/7,2022/8,2022/9,2022/10,2022/11,Trim 2021/12 - 2022/2,Trim 2022/3 - 2022/5,Trim 2022/6 - 2022/8,Trim 2022/9 - 2022/11,Trim Proy 2022/12 - 2023/2,Trim Proy 2023/3 - 2023/5,DdaAnual,AcumEsp,AcumPost,MeanSupply,MAPE,ABC,ServiceLevel,LeadTime,MeanSupply2,StdSupply2
0,14000032,T   ,7.493320838074838,6.587236093446683,5.466711292589866,5.191865586719326,5.868408862708348,5.87746971015463,6.228,6.156,7.146,6.426,6.012,9.576,7.11,10.278,9.396,4.356,3.06,5.4719999999999995,19.53,22.014,26.784000000000002,12.888,19.54726751864235,16.93999411882483,76.15701238369368,41.544000000000004,39.672000000000004,6.080835397282282,0.06589155139423417,A,0.98,120.0,26.10842921212933,1.0561212858629054
