,IdMaterial,UMBase,DdaProy 2022/12,DdaProy 2023/1,DdaProy 2023/2,DdaProy 2023/3,DdaProy 2023/4,DdaProy 2023/5,2021/12,2022/1,2022/2,2022/3,2022/4,2022/5,2022/6,2022/7,2022/8,2022/9,2022/10,2022/11,Trim 2021/12 - 2022/2,Trim 2022/3 - 2022/5,Trim 2022/6 - 2022/8,Trim 2022/9 - 2022/11,Trim Proy 2022/12 - 2023/2,Trim Proy 2023/3 - 2023/5,DdaAnual,AcumEsp,AcumPost,MeanSupply,MAPE,ABC,ServiceLevel,LeadTime,MeanSupply2,StdSupply2
0,11000375,UN  ,1.8698770491803278,2.133155737704918,2.2653934426229507,6.498196721311475,17.241762295081966,17.7659262295082,1,0,0,0,5,64,1,0,0,2,0,0,1,69,1,2,6.269111231423465,41.505079591422124,50.77431147540984,70,3,7.962385245901639,0.15054175719193066,A,0.98,7.0,0.8726092896174863,0.240371755708191
