,IdMaterial,UMBase,DdaProy 2022/12,DdaProy 2023/1,DdaProy 2023/2,DdaProy 2023/3,DdaProy 2023/4,DdaProy 2023/5,2021/12,2022/1,2022/2,2022/3,2022/4,2022/5,2022/6,2022/7,2022/8,2022/9,2022/10,2022/11,Trim 2021/12 - 2022/2,Trim 2022/3 - 2022/5,Trim 2022/6 - 2022/8,Trim 2022/9 - 2022/11,Trim Proy 2022/12 - 2023/2,Trim Proy 2023/3 - 2023/5,DdaAnual,AcumEsp,AcumPost,MeanSupply,MAPE,ABC,ServiceLevel,LeadTime,MeanSupply2,StdSupply2
0,21001860,L   ,287.3238655462185,230.66653594771245,336.1854528478058,408.85154061624655,441.84371615312796,428.75816993464053,0,0,300,400,80,280,2240,680,280,500,140,20,300,760,3200,660,854.1753671165436,1279.453357100416,5993.629281045752,1060,3860,355.60488017429196,0.16179599676758866,A,0.98,7.0,134.0844705882353,39.696560223212785
