,IdMaterial,UMBase,DdaProy 2022/12,DdaProy 2023/1,DdaProy 2023/2,DdaProy 2023/3,DdaProy 2023/4,DdaProy 2023/5,2021/12,2022/1,2022/2,2022/3,2022/4,2022/5,2022/6,2022/7,2022/8,2022/9,2022/10,2022/11,Trim 2021/12 - 2022/2,Trim 2022/3 - 2022/5,Trim 2022/6 - 2022/8,Trim 2022/9 - 2022/11,Trim Proy 2022/12 - 2023/2,Trim Proy 2023/3 - 2023/5,DdaAnual,AcumEsp,AcumPost,MeanSupply,MAPE,ABC,ServiceLevel,LeadTime,MeanSupply2,StdSupply2
0,10000720,UN  ,1.6384483875145708,1.6369887320295298,1.7098225618443208,1.5486944696282865,1.2607550835384018,1.6814933298795494,0,18,0,3,0,0,0,1,1,0,0,0,18,3,2,0,4.985277085989816,4.490908650325646,11.47620256443466,21,2,1.5793670940724434,0.09621183992622702,A,0.98,7.0,0.7646092475067997,0.13460918315015685
