,IdMaterial,UMBase,DdaProy 2022/12,DdaProy 2023/1,DdaProy 2023/2,DdaProy 2023/3,DdaProy 2023/4,DdaProy 2023/5,2021/12,2022/1,2022/2,2022/3,2022/4,2022/5,2022/6,2022/7,2022/8,2022/9,2022/10,2022/11,Trim 2021/12 - 2022/2,Trim 2022/3 - 2022/5,Trim 2022/6 - 2022/8,Trim 2022/9 - 2022/11,Trim Proy 2022/12 - 2023/2,Trim Proy 2023/3 - 2023/5,DdaAnual,AcumEsp,AcumPost,MeanSupply,MAPE,ABC,ServiceLevel,LeadTime,MeanSupply2,StdSupply2
0,23000079,UN  ,242.20025346665372,256.82995518844973,213.09207948443444,247.63378088463674,279.7041951058509,318.591391866217,200,1250,0,1000,50,50,0,0,0,50,200,50,1450,1100,0,300,712.1222705670856,845.9293192647079,1858.0516559962425,2550,300,259.67527599937375,0.08320132144062076,A,0.98,7.0,113.02678495110507,17.20751753540585
