,IdMaterial,UMBase,DdaProy 2022/12,DdaProy 2023/1,DdaProy 2023/2,DdaProy 2023/3,DdaProy 2023/4,DdaProy 2023/5,2021/12,2022/1,2022/2,2022/3,2022/4,2022/5,2022/6,2022/7,2022/8,2022/9,2022/10,2022/11,Trim 2021/12 - 2022/2,Trim 2022/3 - 2022/5,Trim 2022/6 - 2022/8,Trim 2022/9 - 2022/11,Trim Proy 2022/12 - 2023/2,Trim Proy 2023/3 - 2023/5,DdaAnual,AcumEsp,AcumPost,MeanSupply,MAPE,ABC,ServiceLevel,LeadTime,MeanSupply2,StdSupply2
0,12000720,T   ,2.9187563525182827,3.053684254018097,2.9754361029624428,3.0291063091352313,2.789345948849316,3.0526810725943063,0.25,0.55,7.899999999999999,0.55,0.0,0.375,2.025,3.075,1.45,5.3500000000000005,1.575,7.25,8.7,0.925,6.55,14.175,8.94738863094898,8.871218791279354,38.54401004007767,9.625,20.725,2.9698350066796126,0.08015727880898356,A,0.98,7.0,1.3620862978418653,0.19978101345409502
