,IdMaterial,UMBase,DdaProy 2022/12,DdaProy 2023/1,DdaProy 2023/2,DdaProy 2023/3,DdaProy 2023/4,DdaProy 2023/5,2021/12,2022/1,2022/2,2022/3,2022/4,2022/5,2022/6,2022/7,2022/8,2022/9,2022/10,2022/11,Trim 2021/12 - 2022/2,Trim 2022/3 - 2022/5,Trim 2022/6 - 2022/8,Trim 2022/9 - 2022/11,Trim Proy 2022/12 - 2023/2,Trim Proy 2023/3 - 2023/5,DdaAnual,AcumEsp,AcumPost,MeanSupply,MAPE,ABC,ServiceLevel,LeadTime,MeanSupply2,StdSupply2
0,21000496,L   ,0.423604118993135,0.0,30.809450800915332,311.0287414187643,64.99223684210526,65.83427917620136,1,0,0,636,17,23,12,111,81,10,0,12,1,676,204,22,31.229430835418565,441.85424438761135,699.0883123569794,677,226,78.84805205949657,0.27729423111906826,A,0.98,7.0,0.19768192219679634,0.09043021982459053
