,IdMaterial,UMBase,DdaProy 2022/12,DdaProy 2023/1,DdaProy 2023/2,DdaProy 2023/3,DdaProy 2023/4,DdaProy 2023/5,2021/12,2022/1,2022/2,2022/3,2022/4,2022/5,2022/6,2022/7,2022/8,2022/9,2022/10,2022/11,Trim 2021/12 - 2022/2,Trim 2022/3 - 2022/5,Trim 2022/6 - 2022/8,Trim 2022/9 - 2022/11,Trim Proy 2022/12 - 2023/2,Trim Proy 2023/3 - 2023/5,DdaAnual,AcumEsp,AcumPost,MeanSupply,MAPE,ABC,ServiceLevel,LeadTime,MeanSupply2,StdSupply2
0,10000118,UN  ,0.1897617840851495,0.1395843892549417,0.1569183983781044,0.17100861632032438,0.1804358844399392,0.20223010643689812,0,0,0,0,0,0,40,0,0,0,0,0,0,0,40,0,0.4862466138875408,0.5536573735472365,41.03993917891536,0,40,0.1733231964858929,0.03336826795170314,B,0.95,7.0,0.08855549923973643,0.005406993190070566
