,IdMaterial,UMBase,DdaProy 2022/12,DdaProy 2023/1,DdaProy 2023/2,DdaProy 2023/3,DdaProy 2023/4,DdaProy 2023/5,2021/12,2022/1,2022/2,2022/3,2022/4,2022/5,2022/6,2022/7,2022/8,2022/9,2022/10,2022/11,Trim 2021/12 - 2022/2,Trim 2022/3 - 2022/5,Trim 2022/6 - 2022/8,Trim 2022/9 - 2022/11,Trim Proy 2022/12 - 2023/2,Trim Proy 2023/3 - 2023/5,DdaAnual,AcumEsp,AcumPost,MeanSupply,MAPE,ABC,ServiceLevel,LeadTime,MeanSupply2,StdSupply2
0,25000917,UN  ,31488.27901859919,31702.76288707702,24831.933540205122,43955.26202254526,34228.424208362645,45066.42669603789,350000,0,28000,41400,0,2810,250,7200,1600,0,0,0,378000,44210,9050,0,88022.9750996933,123250.11267931339,220323.08837282716,422210,9050,35212.18139547119,0.18638410782449455,A,0.98,7.0,14694.530208679622,5011.5400767743995
