,IdMaterial,UMBase,DdaProy 2022/12,DdaProy 2023/1,DdaProy 2023/2,DdaProy 2023/3,DdaProy 2023/4,DdaProy 2023/5,2021/12,2022/1,2022/2,2022/3,2022/4,2022/5,2022/6,2022/7,2022/8,2022/9,2022/10,2022/11,Trim 2021/12 - 2022/2,Trim 2022/3 - 2022/5,Trim 2022/6 - 2022/8,Trim 2022/9 - 2022/11,Trim Proy 2022/12 - 2023/2,Trim Proy 2023/3 - 2023/5,DdaAnual,AcumEsp,AcumPost,MeanSupply,MAPE,ABC,ServiceLevel,LeadTime,MeanSupply2,StdSupply2
0,21000096,L   ,101.53928395061729,134.19148148148147,146.98753086419754,152.0026913580247,153.96866666666668,154.73906172839506,140,400,160,0,0,400,0,0,520,0,20,0,700,400,520,20,382.7180056902958,460.7101839231106,1383.4287160493827,1100,540,140.57145267489713,0.23790170153535703,A,0.98,7.0,47.384999176954736,20.627426494214752
