,IdMaterial,UMBase,DdaProy 2022/12,DdaProy 2023/1,DdaProy 2023/2,DdaProy 2023/3,DdaProy 2023/4,DdaProy 2023/5,2021/12,2022/1,2022/2,2022/3,2022/4,2022/5,2022/6,2022/7,2022/8,2022/9,2022/10,2022/11,Trim 2021/12 - 2022/2,Trim 2022/3 - 2022/5,Trim 2022/6 - 2022/8,Trim 2022/9 - 2022/11,Trim Proy 2022/12 - 2023/2,Trim Proy 2023/3 - 2023/5,DdaAnual,AcumEsp,AcumPost,MeanSupply,MAPE,ABC,ServiceLevel,LeadTime,MeanSupply2,StdSupply2
0,10000333,UN  ,0.2664998436033782,0.27346262120738196,0.27807944948389113,0.3772286518611198,0.38661244917109794,0.36758210822646237,0,0,0,0,0,0,3,3,0,0,0,0,0,0,6,0,0.8180437022453018,1.1314178491925788,7.949465123553331,0,6,0.32491085392555524,0.0649233252334568,A,0.98,7.0,0.12436659368157649,0.014774443016359906
