,IdMaterial,UMBase,DdaProy 2022/12,DdaProy 2023/1,DdaProy 2023/2,DdaProy 2023/3,DdaProy 2023/4,DdaProy 2023/5,2021/12,2022/1,2022/2,2022/3,2022/4,2022/5,2022/6,2022/7,2022/8,2022/9,2022/10,2022/11,Trim 2021/12 - 2022/2,Trim 2022/3 - 2022/5,Trim 2022/6 - 2022/8,Trim 2022/9 - 2022/11,Trim Proy 2022/12 - 2023/2,Trim Proy 2023/3 - 2023/5,DdaAnual,AcumEsp,AcumPost,MeanSupply,MAPE,ABC,ServiceLevel,LeadTime,MeanSupply2,StdSupply2
0,14000004,T   ,0.8201834202481568,0.8033303362704549,0.6699100881136486,0.685358748426542,0.7864772522927531,0.7906905232871786,0.27,0.5900000000000001,0.4599999999999999,0.45,0.35,0.65,0.8,1.1099999999999999,1.1199999999999999,0.62,0.11,1.28,1.32,1.4500000000000002,3.03,2.01,2.293233154347497,2.261483843183021,9.595950368638732,2.77,5.04,0.759325061439789,0.19743541931873002,A,0.98,120.0,3.1622939519271114,0.38080477430988907
