,IdMaterial,UMBase,DdaProy 2022/12,DdaProy 2023/1,DdaProy 2023/2,DdaProy 2023/3,DdaProy 2023/4,DdaProy 2023/5,2021/12,2022/1,2022/2,2022/3,2022/4,2022/5,2022/6,2022/7,2022/8,2022/9,2022/10,2022/11,Trim 2021/12 - 2022/2,Trim 2022/3 - 2022/5,Trim 2022/6 - 2022/8,Trim 2022/9 - 2022/11,Trim Proy 2022/12 - 2023/2,Trim Proy 2023/3 - 2023/5,DdaAnual,AcumEsp,AcumPost,MeanSupply,MAPE,ABC,ServiceLevel,LeadTime,MeanSupply2,StdSupply2
0,10001115,UN  ,0.5899767146486029,0.5899767146486029,0.5758403895004234,0.5899767146486029,0.5899767146486029,0.5737362404741745,0,0,0,4,0,3,0,0,0,0,0,0,0,7,0,0,1.755777879152069,1.753681754079642,3.5094834885690096,7,0,0.5849139147615016,0.08560533307415585,A,0.98,7.0,0.2753224668360147,0.04312698482446077
