,IdMaterial,IdCeSum,2021/12,2022/1,2022/10,2022/11,2022/2,2022/3,2022/4,2022/5,2022/6,2022/7,2022/8,2022/9,Porcentaje,Provision,LeadTime,Sucursal,ABC_Sucursal,ABC,Margen_Total,Margen_Suc,UMBase,MAPE_x,AcumProy,AcumEsp,AcumPost,MeanSupply,Trim Proy 2022/12 - 2023/2,Trim Proy 2023/3 - 2023/5,DdaProy 2022/12,DdaProy 2023/1,DdaProy 2023/2,DdaProy 2023/3,DdaProy 2023/4,DdaProy 2023/5,PeriodROP,MeanSupply2,StdSupply2,DdaAnual,Trim 2021/12 - 2022/2,Trim 2022/3 - 2022/5,Trim 2022/6 - 2022/8,Trim 2022/9 - 2022/11,MAPE_y,ServiceLevel
0,14000079,D090,8.748000000000001,8.010000000000002,7.812,6.5520000000000005,9.036,8.675999999999998,8.856,7.092,7.505999999999999,10.206,7.254,6.696,0.3412304165074513,Directo,120,Santiago,A,A,0.5034440108185925,4.632656258270407,T   ,0.13496545187923767,40.67926363729538,50.418,46.025999999999996,6.779679658642212,19.572247754421067,21.10701588287431,6.251341230416507,6.606220863584257,6.715414596866641,6.961100496752006,7.032758884218571,7.111241880015284,4.0,28.175054260603748,2.312057380760111,86.70407795185328,25.794000000000004,24.623999999999995,24.966,21.06,0.13496545187923767,0.98
1,14000079,D100,4.085999999999999,3.5820000000000003,5.13,4.284,3.366,4.968,4.859999999999999,3.906,4.428,9.36,4.284,3.528,0.19736339319831867,Directo,120,Chimbarongo,A,A,0.5034440108185925,3.6767341482797633,T   ,0.13496545187923767,23.528375888760426,24.767999999999997,31.013999999999996,3.921281683861928,11.320342626157313,12.208033262603113,3.615697363393198,3.820955292319449,3.884111578142911,4.0262132212457,4.067659533817348,4.113053114252961,4.0,16.296098012991976,1.337264991223513,54.54169010317157,11.033999999999999,13.734,18.072,12.942,0.13496545187923767,0.98
2,14000079,D110,1.422,2.16,1.944,3.492,3.114,4.086,3.618,3.474,2.6820000000000004,4.68,6.3180000000000005,2.286,0.13896318940262387,Directo,120,Los Angeles,A,A,0.5034440108185925,0.7151618890115498,T   ,0.13496545187923767,16.56628466901428,17.874000000000002,21.402,2.7609669681144653,7.970631690956844,8.595652978057435,2.545805629856069,2.690327346834798,2.7347955674436375,2.8348490638135266,2.864031333588078,2.895992867150681,4.0,11.47405158578525,0.9415657343819637,37.967801808686794,6.696,11.178,13.68,7.722,0.13496545187923767,0.98
