,IdMaterial,IdCeSum,2021/12,2022/1,2022/10,2022/11,2022/2,2022/3,2022/4,2022/5,2022/6,2022/7,2022/8,2022/9,Porcentaje,Provision,LeadTime,Sucursal,ABC_Sucursal,ABC,Margen_Total,Margen_Suc,UMBase,MAPE_x,AcumProy,AcumEsp,AcumPost,MeanSupply,Trim Proy 2022/12 - 2023/2,Trim Proy 2023/3 - 2023/5,DdaProy 2022/12,DdaProy 2023/1,DdaProy 2023/2,DdaProy 2023/3,DdaProy 2023/4,DdaProy 2023/5,PeriodROP,MeanSupply2,StdSupply2,DdaAnual,Trim 2021/12 - 2022/2,Trim 2022/3 - 2022/5,Trim 2022/6 - 2022/8,Trim 2022/9 - 2022/11,MAPE_y,ServiceLevel
0,14000081,D090,1.7100000000000002,1.785,1.41,1.605,1.785,1.6800000000000002,2.19,1.95,1.755,2.7750000000000004,1.98,1.38,0.5701515740380878,Directo,120,Santiago,B,A,0.1072610907789766,1.7235090033274552,T   ,0.14394283388043222,11.113270382409663,11.1,10.905,1.8529926156237853,5.263720209148554,5.84955017326111,1.6591410804508355,1.8472910998834047,1.7617683637776913,1.9100077730275942,1.7332607850757868,2.2064865915274,4.0,7.58263583365721,0.6639867712217049,22.02295569374271,5.28,5.82,6.51,4.395,0.14394283388043222,0.95
1,14000081,D100,0.465,0.615,0.375,0.375,0.405,0.705,0.405,0.96,0.735,0.84,0.18,0.21,0.16245627671978236,Directo,120,Chimbarongo,A,A,0.1072610907789766,0.7835483651458074,T   ,0.14394283388043222,3.166562385717273,3.5549999999999997,2.715,0.5279828993392927,1.4998193915638007,1.6667429941534726,0.4727477652545667,0.5263583365720949,0.5019898950641275,0.5442285270112709,0.4938670812281384,0.6287057909055578,4.0,2.1605601761886257,0.1891932313365185,5.882897396035756,1.485,2.07,1.755,0.96,0.14394283388043222,0.98
2,14000081,D110,0.375,0.405,0.21,0.765,0.33,0.36,0.69,0.63,0.375,0.63,0.54,0.375,0.14729887291099883,Directo,120,Los Angeles,B,A,0.1072610907789766,0.1270050570267173,T   ,0.14394283388043222,2.8711175698249916,2.79,2.895,0.47872133696074615,1.3598840894800968,1.511233480344895,0.4286397201710066,0.47724834823163625,0.4551535172949864,0.49345122425184607,0.44778857364943647,0.5700466381655654,4.0,1.9589768104676772,0.17154123128358975,5.7673280217644765,1.11,1.6799999999999997,1.545,1.35,0.14394283388043222,0.95
