,IdMaterial,IdCeSum,2021/12,2022/1,2022/10,2022/11,2022/2,2022/3,2022/4,2022/5,2022/6,2022/7,2022/8,2022/9,Porcentaje,Provision,LeadTime,Sucursal,ABC_Sucursal,ABC,Margen_Total,Margen_Suc,UMBase,MAPE_x,AcumProy,AcumEsp,AcumPost,MeanSupply,Trim Proy 2022/12 - 2023/2,Trim Proy 2023/3 - 2023/5,DdaProy 2022/12,DdaProy 2023/1,DdaProy 2023/2,DdaProy 2023/3,DdaProy 2023/4,DdaProy 2023/5,PeriodROP,MeanSupply2,StdSupply2,DdaAnual,Trim 2021/12 - 2022/2,Trim 2022/3 - 2022/5,Trim 2022/6 - 2022/8,Trim 2022/9 - 2022/11,MAPE_y,ServiceLevel
0,14000032,D090,5.364,5.760000000000001,5.6160000000000005,5.346,6.948,7.236,6.156000000000001,6.803999999999999,8.73,11.016,6.822,9.864,0.31856215275453514,Directo,120,Santiago,B,A,0.2757123260941229,1.868785979805335,T   ,0.06589155139423417,38.48468043721328,38.26800000000001,47.394000000000005,6.4137180087913075,20.61734178218505,17.86733865502823,7.903527009840016,6.9478405515764114,5.765974964857087,5.47608340585046,6.189662628020618,6.1992194926032544,4.0,27.537680545328787,1.113936436042014,85.87630805274785,18.072000000000003,20.195999999999998,26.568,20.826,0.06589155139423417,0.95
1,14000032,D100,3.942,3.672,4.194,6.804,3.564,6.426,7.038,5.22,5.292,12.942,-0.6120000000000001,5.688,0.2386371243055091,Directo,120,Chimbarongo,A,A,0.2757123260941229,1.966053707986769,T   ,0.06589155139423417,28.829141785809067,29.862,34.308,4.804560769350917,15.444594127650705,13.384547658158361,5.9205870540196806,5.204675681103153,4.319331949929715,4.102172166811702,4.636719325256042,4.643878438985207,4.0,20.628668027757328,0.8344575319373356,63.135364616105505,11.178,18.684,17.622,16.686,0.06589155139423417,0.98
2,14000032,D110,1.746,1.53,3.474,4.428,1.71,2.34,3.69,2.988,5.706,3.744,4.392,2.106,0.140772474730571,Directo,120,Los Angeles,A,A,0.2757123260941229,0.3853322854102847,T   ,0.06589155139423417,17.00636330310139,14.004,23.850000000000005,2.8342191579088296,9.110794235750191,7.895569067351202,3.4925650980654663,3.0702476738737534,2.5479817926233355,2.419878840618516,2.7352091840149946,2.739432358256912,4.0,12.168888881451236,0.49224801954115477,40.85531494745297,4.986,9.017999999999999,13.842000000000002,10.008,0.06589155139423417,0.98
