,IdMaterial,IdCeSum,2021/12,2022/1,2022/10,2022/11,2022/2,2022/3,2022/4,2022/5,2022/6,2022/7,2022/8,2022/9,Porcentaje,Provision,LeadTime,Sucursal,ABC_Sucursal,ABC,Margen_Total,Margen_Suc,UMBase,MAPE_x,AcumProy,AcumEsp,AcumPost,MeanSupply,Trim Proy 2022/12 - 2023/2,Trim Proy 2023/3 - 2023/5,DdaProy 2022/12,DdaProy 2023/1,DdaProy 2023/2,DdaProy 2023/3,DdaProy 2023/4,DdaProy 2023/5,PeriodROP,MeanSupply2,StdSupply2,DdaAnual,Trim 2021/12 - 2022/2,Trim 2022/3 - 2022/5,Trim 2022/6 - 2022/8,Trim 2022/9 - 2022/11,MAPE_y,ServiceLevel
0,14000003,D090,0.576,0.872,1.044,0.5860000000000001,0.57,0.612,0.74,0.822,0.838,1.018,0.942,0.982,0.45292452830188684,Directo,120,Santiago,B,A,0.1018444201716394,1.4092636081562573,T   ,0.12273580373591252,4.3494376537729,4.192,5.41,0.7254341194968554,1.888605537983382,2.4608321157895174,0.5797433962264151,0.6476820754716982,0.6657990566037737,0.6839160377358491,0.7745009433962264,1.00096320754717,4.0,2.7578574528301885,0.20621061312600353,9.762604716981134,2.018,2.174,2.798,2.612,0.12273580373591252,0.95
1,14000003,D100,0.118,0.094,0.1399999999999999,0.28,0.182,0.232,0.21,0.42,0.26,0.4399999999999999,0.154,0.258,0.13150943396226414,Directo,120,Chimbarongo,A,A,0.1018444201716394,0.4842111348467157,T   ,0.12273580373591252,1.2628860840157095,1.256,1.532,0.21063427672955973,0.548368281597341,0.7145178024183684,0.1683320754716981,0.1880584905660377,0.1933188679245283,0.19857924528301885,0.22488113207547167,0.2906358490566037,4.0,0.8007609433962264,0.05987452503596101,2.7958056603773587,0.394,0.862,0.854,0.6779999999999999,0.12273580373591252,0.98
2,14000003,D110,0.116,0.086,0.368,0.418,0.206,0.214,0.348,0.4,0.298,0.476,0.422,0.92,0.20150943396226417,Directo,120,Los Angeles,A,A,0.1018444201716394,0.1909137471143346,T   ,0.12273580373591252,1.93509661080169,1.37,2.902,0.3227509433962265,0.8402544114002298,1.0948421994014599,0.25793207547169816,0.28815849056603776,0.29621886792452834,0.3042792452830189,0.34458113207547175,0.44533584905660384,4.0,1.2269909433962267,0.0917446093807839,4.8385056603773595,0.40800000000000003,0.962,1.196,1.706,0.12273580373591252,0.98
