,IdMaterial,IdCeSum,2021/12,2022/1,2022/10,2022/11,2022/2,2022/3,2022/4,2022/5,2022/6,2022/7,2022/8,2022/9,Porcentaje,Provision,LeadTime,Sucursal,ABC_Sucursal,ABC,Margen_Total,Margen_Suc,UMBase,MAPE_x,AcumProy,AcumEsp,AcumPost,MeanSupply,Trim Proy 2022/12 - 2023/2,Trim Proy 2023/3 - 2023/5,DdaProy 2022/12,DdaProy 2023/1,DdaProy 2023/2,DdaProy 2023/3,DdaProy 2023/4,DdaProy 2023/5,PeriodROP,MeanSupply2,StdSupply2,DdaAnual,Trim 2021/12 - 2022/2,Trim 2022/3 - 2022/5,Trim 2022/6 - 2022/8,Trim 2022/9 - 2022/11,MAPE_y,ServiceLevel
0,14000007,D090,1.78,2.93,2.26,5.19,2.29,2.9,2.59,3.4200000000000004,4.07,5.26,3.46,2.64,0.603172134971233,Directo,120,Santiago,A,A,0.2763204971182288,4.377266436344364,T   ,0.1697097689914349,14.222393320330937,15.91,22.88,2.3704664904369457,7.300128720083097,6.92226460024784,3.0580827243041515,2.2136417353444253,2.0266583735033428,1.9603094386565072,2.5152278028300414,2.448878867983206,4.0,9.845578759135437,1.0322691333933731,37.10279894262167,7.0,8.91,12.79,10.09,0.1697097689914349,0.98
1,14000007,D100,1.36,0.35,0.64,1.38,0.47,0.89,0.39,0.83,1.15,2.58,0.55,0.63,0.17446742341781993,Directo,120,Chimbarongo,A,A,0.2763204971182288,1.8299522417155236,T   ,0.1697097689914349,4.113824518023025,4.29,6.93,0.6856569740320323,2.1115608208128993,2.0022636972101253,0.8845498367283471,0.6402954439433991,0.586210542683875,0.5670191261079147,0.7275291556523091,0.7083377390763489,4.0,2.847831752449075,0.29858364724603376,11.043941844192197,2.1799999999999997,2.11,4.28,2.65,0.1697097689914349,0.98
2,14000007,D110,0.09,0.21,0.36,0.12,0.49,0.25,0.35,0.54,0.95,0.9,1.23,0.89,0.09920696625719172,Directo,120,Los Angeles,A,A,0.2763204971182288,0.2737965898248248,T   ,0.1697097689914349,2.339233549464073,1.9300000000000002,4.45,0.38988337739076345,1.2006914471289034,1.1385421023351694,0.5029793189239621,0.3640895661638936,0.33333540662416417,0.3224226403358731,0.41369304929248946,0.4027802830041983,4.0,1.6193553102161404,0.16978285823794076,6.789300264344582,0.79,1.1400000000000001,3.08,1.37,0.1697097689914349,0.98
