,IdMaterial,IdCeSum,2021/12,2022/1,2022/10,2022/11,2022/2,2022/3,2022/4,2022/5,2022/6,2022/7,2022/8,2022/9,Porcentaje,Provision,LeadTime,Sucursal,ABC_Sucursal,ABC,Margen_Total,Margen_Suc,UMBase,MAPE_x,AcumProy,AcumEsp,AcumPost,MeanSupply,Trim Proy 2022/12 - 2023/2,Trim Proy 2023/3 - 2023/5,DdaProy 2022/12,DdaProy 2023/1,DdaProy 2023/2,DdaProy 2023/3,DdaProy 2023/4,DdaProy 2023/5,PeriodROP,MeanSupply2,StdSupply2,DdaAnual,Trim 2021/12 - 2022/2,Trim 2022/3 - 2022/5,Trim 2022/6 - 2022/8,Trim 2022/9 - 2022/11,MAPE_y,ServiceLevel
0,14000098,D090,0.93,1.26,2.9000000000000004,3.14,1.29,1.69,1.18,2.4200000000000004,2.42,3.28,2.61,0.74,0.5956065901148277,Directo,120,Santiago,B,A,0.1650909756907766,2.576696479830121,T   ,0.26872336382311907,14.923506538578408,8.77,15.09,2.486657513729406,6.274736713513573,8.648769825064836,1.757039440838742,2.2156565152271592,2.299041437843235,2.972076884672991,2.4360309535696456,3.2400998502246634,4.0,9.81222150108171,1.5148938803496377,30.009945082376433,3.48,5.290000000000001,8.309999999999999,6.780000000000001,0.26872336382311907,0.95
1,14000098,D100,0.26,0.24,0.14,1.38,0.22,0.41,0.41,0.56,0.46,1.65,0.3399999999999999,0.16,0.15551672491263102,Directo,120,Chimbarongo,A,A,0.1650909756907766,1.0130352582528812,T   ,0.26872336382311907,3.8966238782625093,2.0999999999999996,4.13,0.6492823265102344,1.6383742550372824,2.2582496232252267,0.4587743384922615,0.5785222166749874,0.6002945581627557,0.7760284573140288,0.6360634048926609,0.8460109835247128,4.0,2.562034365118987,0.3955485697643856,8.025693959061407,0.72,1.38,2.4499999999999997,1.68,0.26872336382311907,0.98
2,14000098,D110,0.1,0.29,0.13,0.0,0.34,0.43,0.47,0.4,0.5599999999999999,0.64,0.79,0.74,0.1220668996505242,Directo,120,Los Angeles,A,A,0.1650909756907766,0.202855490971297,T   ,0.26872336382311907,3.0585057407229006,2.03,2.86,0.5096293060409386,1.285979150422522,1.7725265903003788,0.3600973539690464,0.45408886669995,0.4711782326510234,0.6091138292561158,0.49925361957064396,0.6640439340988517,4.0,2.010970793809286,0.3104707072468452,5.917775836245632,0.73,1.2999999999999998,1.99,0.87,0.26872336382311907,0.98
