,IdMaterial,IdCeSum,2021/12,2022/1,2022/10,2022/11,2022/2,2022/3,2022/4,2022/5,2022/6,2022/7,2022/8,2022/9,Porcentaje,Provision,LeadTime,Sucursal,ABC_Sucursal,ABC,Margen_Total,Margen_Suc,UMBase,MAPE_x,AcumProy,AcumEsp,AcumPost,MeanSupply,Trim Proy 2022/12 - 2023/2,Trim Proy 2023/3 - 2023/5,DdaProy 2022/12,DdaProy 2023/1,DdaProy 2023/2,DdaProy 2023/3,DdaProy 2023/4,DdaProy 2023/5,PeriodROP,MeanSupply2,StdSupply2,DdaAnual,Trim 2021/12 - 2022/2,Trim 2022/3 - 2022/5,Trim 2022/6 - 2022/8,Trim 2022/9 - 2022/11,MAPE_y,ServiceLevel
0,14000088,D090,18.522,21.42,19.566,20.268,21.672,23.094,22.248,24.426,25.2,34.272000000000006,19.422,20.448,0.33557331666368995,Directo,120.0,Santiago,A,A,1.1363170612631568,10.404467068072748,T   ,0.09145128685490761,85.66340852486769,131.382,139.17600000000002,14.277526046317794,47.072300811003025,38.59110771386466,19.953189408823004,14.030320369708878,13.090715083050544,14.077300634041794,11.839026611894981,12.674604170387571,4.0,63.91396503839971,3.609903923922675,224.84115627790678,61.614000000000004,69.768,78.894,60.282,0.09145128685490761,0.98
1,14000088,D100,9.792,14.184,13.266,13.482,8.262,11.718,11.808,14.076,12.294,24.984,6.606,9.846,0.18643954277549565,Directo,120.0,Chimbarongo,A,A,1.1363170612631568,6.841383818084588,T   ,0.09145128685490761,47.59331545413946,69.84,80.47800000000001,7.932381079954755,26.152670086666642,21.44064536747281,11.085695213430972,7.795037283443474,7.273006563672085,7.8211388194320435,6.577587069119486,7.041821530630472,4.0,35.509648196106454,2.005608919478296,128.07228647972852,32.238,37.602000000000004,43.88400000000001,36.594,0.09145128685490761,0.98
2,14000088,D110,7.65,8.19,10.53,10.512,12.474,9.054,8.388,14.004,10.602,14.598,16.056,9.054,0.16261832470083942,Directo,120.0,Los Angeles,A,A,1.1363170612631568,1.7683876026736176,T   ,0.09145128685490761,41.5123589711354,59.76,71.352,6.918867654938381,22.8111661970159,18.701192774119498,9.669285586711911,6.799072155742096,6.343740846579745,6.821838721200214,5.737174495445615,6.142094123950706,4.0,30.972611359171278,1.7493540138282722,112.86520592963029,28.314,31.445999999999998,41.256,30.096,0.09145128685490761,0.98
