,IdMaterial,IdCeSum,2021/12,2022/1,2022/10,2022/11,2022/2,2022/3,2022/4,2022/5,2022/6,2022/7,2022/8,2022/9,Porcentaje,Provision,LeadTime,Sucursal,ABC_Sucursal,ABC,Margen_Total,Margen_Suc,UMBase,MAPE_x,AcumProy,AcumEsp,AcumPost,MeanSupply,Trim Proy 2022/12 - 2023/2,Trim Proy 2023/3 - 2023/5,DdaProy 2022/12,DdaProy 2023/1,DdaProy 2023/2,DdaProy 2023/3,DdaProy 2023/4,DdaProy 2023/5,PeriodROP,MeanSupply2,StdSupply2,DdaAnual,Trim 2021/12 - 2022/2,Trim 2022/3 - 2022/5,Trim 2022/6 - 2022/8,Trim 2022/9 - 2022/11,MAPE_y,ServiceLevel
0,14000018,D090,5.46,6.57,6.12,6.42,5.445,7.935,6.075,8.235000000000001,7.71,11.175,5.97,5.115,0.5721143811312878,Directo,120,Santiago,A,A,0.4021583742889899,6.406791639691603,T   ,0.09839034915461907,40.94121524574312,39.72,42.51,6.8234175189591575,20.295754251247654,20.645460994495476,7.397438948027551,6.682295971613441,6.213162179085785,6.407681068670422,7.220083489876851,7.019843456480901,4.0,28.38526431503513,1.7006190789428188,83.45050511375494,17.475,22.245,24.855,17.655,0.09839034915461907,0.98
1,14000018,D100,2.055,1.845,1.785,3.75,2.145,2.655,2.115,2.565,2.22,5.205,1.485,2.37,0.2100814026299311,Directo,120,Chimbarongo,A,A,0.4021583742889899,2.635668276307516,T   ,0.09839034915461907,15.0336859339075,13.379999999999999,16.815,2.5055708620329784,7.4526365026927275,7.581049431214774,2.7163525360050094,2.453750782717595,2.281484032561052,2.352911709455228,2.6512273011897305,2.5776988102692546,4.0,10.423118764349821,0.6244703038876129,31.84842517219787,6.045,7.334999999999999,8.91,7.905,0.09839034915461907,0.98
2,14000018,D110,0.825,1.035,1.5450000000000002,0.18,0.66,1.35,1.53,1.545,1.77,1.905,2.715,1.485,0.11511166771029012,Directo,120,Los Angeles,A,A,0.4021583742889899,0.4500436967179496,T   ,0.09839034915461907,8.23753382270242,6.945,9.6,1.3728984902247268,4.083585724028851,4.1539480986735695,1.4883938634940512,1.3445042788561885,1.2501127113337507,1.2892506783552493,1.4527092465038611,1.4124201628052597,4.0,5.711227022890141,0.3421712594078674,17.83739094134836,2.52,4.425,6.39,3.2100000000000004,0.09839034915461907,0.98
