,IdMaterial,IdCeSum,2021/12,2022/1,2022/10,2022/11,2022/2,2022/3,2022/4,2022/5,2022/6,2022/7,2022/8,2022/9,Porcentaje,Provision,LeadTime,Sucursal,ABC_Sucursal,ABC,Margen_Total,Margen_Suc,UMBase,MAPE_x,AcumProy,AcumEsp,AcumPost,MeanSupply,Trim Proy 2022/12 - 2023/2,Trim Proy 2023/3 - 2023/5,DdaProy 2022/12,DdaProy 2023/1,DdaProy 2023/2,DdaProy 2023/3,DdaProy 2023/4,DdaProy 2023/5,PeriodROP,MeanSupply2,StdSupply2,DdaAnual,Trim 2021/12 - 2022/2,Trim 2022/3 - 2022/5,Trim 2022/6 - 2022/8,Trim 2022/9 - 2022/11,MAPE_y,ServiceLevel
0,14000080,D090,4.319999999999999,4.800000000000001,3.675,5.535,4.56,4.29,4.574999999999999,5.385,5.91,7.17,4.8,5.445,0.5502320502320502,Directo,120,Santiago,A,A,0.316534697701273,4.7553158691513815,T   ,0.12596179889420134,34.403330424805,27.93,32.535,5.734335016835018,17.0191214197851,17.3842090050199,5.408781053781054,6.091068796068797,5.5188274638274635,5.755427245427246,5.7994458094458095,5.832459732459732,4.0,24.127308581308583,1.8482121890361027,66.94101010101011,13.68,14.249999999999998,17.88,14.655000000000001,0.12596179889420134,0.98
1,14000080,D100,0.915,1.44,1.26,2.34,0.78,1.785,1.17,1.935,2.19,4.08,0.8399999999999999,0.915,0.1788151788151788,Directo,120,Chimbarongo,A,A,0.316534697701273,1.8474634102925256,T   ,0.12596179889420134,11.180442286404006,8.025,11.624999999999998,1.8635521885521884,5.53089780697556,5.649544479428447,1.7577532077532076,1.9794840294840295,1.7935162435162433,1.8704067704067704,1.8847119847119844,1.8954408954408952,4.0,7.840926380926381,0.6006345739611249,22.80631313131313,3.135,4.890000000000001,7.109999999999999,4.515,0.12596179889420134,0.98
2,14000080,D110,0.27,1.065,0.735,1.575,0.75,1.125,1.215,1.365,1.2000000000000002,1.635,1.905,0.525,0.12162162162162163,Directo,120,Los Angeles,A,A,0.316534697701273,0.3997657297050746,T   ,0.12596179889420134,7.604407692508374,5.79,7.575000000000001,1.2675,3.7618549206223086,3.842552771886066,1.1955405405405406,1.3463513513513514,1.219864864864865,1.2721621621621624,1.2818918918918918,1.2891891891891891,4.0,5.333027027027027,0.4085232102285209,15.179999999999998,2.085,3.705,4.74,2.835,0.12596179889420134,0.98
