,IdMaterial,IdCeSum,2021/12,2022/1,2022/10,2022/11,2022/2,2022/3,2022/4,2022/5,2022/6,2022/7,2022/8,2022/9,Porcentaje,Provision,LeadTime,Sucursal,ABC_Sucursal,ABC,Margen_Total,Margen_Suc,UMBase,MAPE_x,AcumProy,AcumEsp,AcumPost,MeanSupply,Trim Proy 2022/12 - 2023/2,Trim Proy 2023/3 - 2023/5,DdaProy 2022/12,DdaProy 2023/1,DdaProy 2023/2,DdaProy 2023/3,DdaProy 2023/4,DdaProy 2023/5,PeriodROP,MeanSupply2,StdSupply2,DdaAnual,Trim 2021/12 - 2022/2,Trim 2022/3 - 2022/5,Trim 2022/6 - 2022/8,Trim 2022/9 - 2022/11,MAPE_y,ServiceLevel
0,12000149,D240,0.0,0.0,0,0,0.0,0.45,0.0,0.0,0.0,0.0,0.0,0,0.0012406092770004824,Directo,,Puerto Varas,A,A,0.2905256038193487,0.1410508422540034,T   ,0.569024670664554,0.02669884209800813,0.45,0.0,0.0044496519401750634,0.01114005100282583,0.015558791095182302,0.0035233303466813697,0.004292508098421669,0.003324832862361293,0.003982355779171548,0.0035109242539113654,0.008063960300503135,,0.0,0.0,0.02669791164105038,0.0,0.45,0.0,0,0.569024670664554,0.98
1,12000149,D250,2.525,5.85,0,0,8.4,1.6,7.125,0.6,12.25,11.325,5.225,0,0.15135433179405886,Directo,,Los Muermos,A,A,0.2905256038193487,3.131779866717772,T   ,0.569024670664554,3.257258735956992,26.1,28.799999999999997,0.5428575367013577,1.3590862223447513,1.898172513612241,0.4298463022951271,0.5236859880074436,0.4056296092080778,0.4858474050589289,0.4283327589771866,0.9838031566613825,,0.0,0.0,32.05714522020815,16.775,9.325,28.799999999999997,0,0.569024670664554,0.98
2,12000149,D270,14.125,55.5,0,0,52.8,52.6,49.125,36.1,22.15,24.975,0.0,0,0.8474050589289406,Directo,,Ancud,A,A,0.2905256038193487,0.9961825992103036,T   ,0.569024670664554,18.236792421944997,260.25,47.125,3.0393594780251334,7.60927372665242,10.627518695292578,2.4066303673581912,2.932021503894134,2.2710455579295608,2.720170239161899,2.398156316768902,5.5081328830381135,,0.0,0.0,65.3611568681508,122.425,137.825,47.125,0,0.569024670664554,0.98
