,IdMaterial,IdCeSum,2021/12,2022/1,2022/10,2022/11,2022/2,2022/3,2022/4,2022/5,2022/6,2022/7,2022/8,2022/9,Porcentaje,Provision,LeadTime,Sucursal,ABC_Sucursal,ABC,Margen_Total,Margen_Suc,UMBase,MAPE_x,AcumProy,AcumEsp,AcumPost,MeanSupply,Trim Proy 2022/12 - 2023/2,Trim Proy 2023/3 - 2023/5,DdaProy 2022/12,DdaProy 2023/1,DdaProy 2023/2,DdaProy 2023/3,DdaProy 2023/4,DdaProy 2023/5,PeriodROP,MeanSupply2,StdSupply2,DdaAnual,Trim 2021/12 - 2022/2,Trim 2022/3 - 2022/5,Trim 2022/6 - 2022/8,Trim 2022/9 - 2022/11,MAPE_y,ServiceLevel
0,14000004,D090,1.06,1.81,4.37,3.86,2.26,1.91,2.5,2.9200000000000004,3.28,4.5,1.96,2.9000000000000004,0.59935263441827,Directo,120,Santiago,A,A,0.187880768844751,2.904250576570932,T   ,0.19743541931873002,19.437735919038683,12.459999999999999,20.869999999999997,3.240499910088113,9.78661472911678,9.651121189921906,3.500219385002697,3.4282970688725043,2.8589120661751477,2.9248408559611576,3.356374752742312,3.37435533177486,4.0,13.495423484984713,1.6251246002238928,40.31299946052868,5.13,7.33,9.739999999999998,11.13,0.19743541931873002,0.98
1,14000004,D100,0.19,0.39,0.5,1.18,0.38,0.53,0.33,0.94,0.95,1.5599999999999998,0.6,0.47,0.14421866570760655,Directo,120,Chimbarongo,A,A,0.187880768844751,0.9645224656600844,T   ,0.19743541931873002,4.67718698081879,2.7600000000000002,5.26,0.7797422525924594,2.35489499332483,2.3222919874939603,0.8422370077324223,0.8249307678475094,0.6879230354252832,0.70378708865312,0.8076245279625966,0.8119510879338249,4.0,3.247323622849607,0.39104408322219086,9.938453515554755,0.9600000000000001,1.8,3.11,2.15,0.19743541931873002,0.98
2,14000004,D110,0.15,0.19,0.63,0.77,0.14,0.34,0.38,0.99,0.8799999999999999,0.7,1.15,0.13,0.11598633339327459,Directo,120,Los Angeles,A,A,0.187880768844751,0.2372451033006103,T   ,0.19743541931873002,3.7615780581397997,2.1900000000000004,4.26,0.6270994425463046,1.893899340018099,1.8676787181217012,0.6773601870167236,0.6634418270095306,0.5532548102859197,0.56601330695918,0.6495234670023377,0.653003057004136,4.0,2.611625606905233,0.3144930594492682,8.022596655277827,0.48,1.71,2.7299999999999995,1.53,0.19743541931873002,0.98
