,IdMaterial,IdCeSum,2021/12,2022/1,2022/10,2022/11,2022/2,2022/3,2022/4,2022/5,2022/6,2022/7,2022/8,2022/9,Porcentaje,Provision,LeadTime,Sucursal,ABC_Sucursal,ABC,Margen_Total,Margen_Suc,UMBase,MAPE_x,AcumProy,AcumEsp,AcumPost,MeanSupply,Trim Proy 2022/12 - 2023/2,Trim Proy 2023/3 - 2023/5,DdaProy 2022/12,DdaProy 2023/1,DdaProy 2023/2,DdaProy 2023/3,DdaProy 2023/4,DdaProy 2023/5,PeriodROP,MeanSupply2,StdSupply2,DdaAnual,Trim 2021/12 - 2022/2,Trim 2022/3 - 2022/5,Trim 2022/6 - 2022/8,Trim 2022/9 - 2022/11,MAPE_y,ServiceLevel
0,14000016,D090,4.3950000000000005,5.31,3.39,4.125,3.735,4.32,3.99,5.88,6.435,6.015,5.1,4.215,0.5060690943043884,Directo,120,Santiago,A,A,0.3985405299974592,5.424204434109171,T   ,0.08546138873308387,22.874341441916165,27.63,29.279999999999998,3.8115437286025524,12.10367267046175,10.770668771454417,4.969598506069095,3.653818860877684,3.4817553688141922,3.3957236227824463,3.7196078431372546,3.6487581699346405,4.0,16.368804855275442,0.8607950971888259,52.14926237161531,13.44,14.190000000000001,17.549999999999997,11.73,0.08546138873308387,0.98
1,14000016,D100,1.89,1.05,1.365,1.62,1.335,1.26,1.395,1.32,1.8,4.275,0.63,0.975,0.16820061357876484,Directo,120,Chimbarongo,A,A,0.3985405299974592,2.4425820841498846,T   ,0.08546138873308387,7.60267384245026,8.25,10.665,1.266830954604064,4.022860104758109,3.579813737692151,1.6517300253434708,1.2144084300386822,1.157220221421902,1.1286261171135121,1.2362745098039216,1.2127264239028945,4.0,5.440448846205149,0.2860997937678201,18.265985727624386,4.275,3.9750000000000005,6.705,3.96,0.08546138873308387,0.98
2,14000016,D110,0.63,1.455,2.1,1.6050000000000002,1.89,1.53,1.6800000000000002,2.025,1.41,1.815,2.355,1.29,0.17593704148325998,Directo,120,Los Angeles,A,A,0.3985405299974592,0.6373715600002312,T   ,0.08546138873308387,7.952360664704118,9.21,10.575000000000001,1.3250991507714198,4.20789252829179,3.7444681364123293,1.727701747365613,1.270265439509137,1.2104468454048287,1.1805375483526743,1.2931372549019609,1.2685060690943044,4.0,5.6906836067760445,0.299259022981566,18.52559490462852,3.9749999999999996,5.234999999999999,5.58,4.995,0.08546138873308387,0.98
