,IdMaterial,IdCeSum,2021/12,2022/1,2022/10,2022/11,2022/2,2022/3,2022/4,2022/5,2022/6,2022/7,2022/8,2022/9,Porcentaje,Provision,LeadTime,Sucursal,ABC_Sucursal,ABC,Margen_Total,Margen_Suc,UMBase,MAPE,AcumProy,AcumEsp,AcumPost,MeanSupply,Trim Proy 2022/12 - 2023/2,Trim Proy 2023/3 - 2023/5,DdaProy 2022/12,DdaProy 2023/1,DdaProy 2023/2,DdaProy 2023/3,DdaProy 2023/4,DdaProy 2023/5,PeriodROP,MeanSupply2,StdSupply2,DdaAnual,Trim 2021/12 - 2022/2,Trim 2022/3 - 2022/5,Trim 2022/6 - 2022/8,Trim 2022/9 - 2022/11,ServiceLevel
10,21000496,D210,1,0,0,12,0,636,17,23,12,111,81,10,0.5165903890160183,Centralizado,7.0,,B,B,,,L   ,0.27729423111906826,473.08367522302996,677,226,78.84727920383833,31.229430835418565,441.85424438761135,0.423604118993135,0.0,30.809450800915332,311.0287414187643,64.99223684210526,65.83427917620136,,0.0,0.0,699.0883123569794,1,676,204,22,0.95
