,IdMaterial,IdCeSum,2021/12,2022/1,2022/10,2022/11,2022/2,2022/3,2022/4,2022/5,2022/6,2022/7,2022/8,2022/9,Porcentaje,Provision,LeadTime,Sucursal,ABC_Sucursal,ABC,Margen_Total,Margen_Suc,UMBase,MAPE,AcumProy,AcumEsp,AcumPost,MeanSupply,Trim Proy 2022/12 - 2023/2,Trim Proy 2023/3 - 2023/5,DdaProy 2022/12,DdaProy 2023/1,DdaProy 2023/2,DdaProy 2023/3,DdaProy 2023/4,DdaProy 2023/5,PeriodROP,MeanSupply2,StdSupply2,DdaAnual,Trim 2021/12 - 2022/2,Trim 2022/3 - 2022/5,Trim 2022/6 - 2022/8,Trim 2022/9 - 2022/11,ServiceLevel
10,21000491,D210,28,2,32,86,0,0,400,268,162,157,632,-9,0.19498669032830523,Centralizado,7.0,,B,B,,,L   ,0.23457212952095835,415.4785055925599,698,1060,69.24641759875998,206.33582546707555,209.14268012548433,127.23856477373558,51.698771073646846,27.397579858030166,26.192562111801244,54.53192768411713,128.41823425022184,,0.0,0.0,1475.477639751553,30,668,951,109,0.95
