,IdMaterial,IdCeSum,2021/12,2022/1,2022/10,2022/11,2022/2,2022/3,2022/4,2022/5,2022/6,2022/7,2022/8,2022/9,Porcentaje,Provision,LeadTime,Sucursal,ABC_Sucursal,ABC,Margen_Total,Margen_Suc,UMBase,MAPE,AcumProy,AcumEsp,AcumPost,MeanSupply,Trim Proy 2022/12 - 2023/2,Trim Proy 2023/3 - 2023/5,DdaProy 2022/12,DdaProy 2023/1,DdaProy 2023/2,DdaProy 2023/3,DdaProy 2023/4,DdaProy 2023/5,PeriodROP,MeanSupply2,StdSupply2,DdaAnual,Trim 2021/12 - 2022/2,Trim 2022/3 - 2022/5,Trim 2022/6 - 2022/8,Trim 2022/9 - 2022/11,ServiceLevel
11,23000101,D210,0,9,5,2,0,0,1,0,0,0,0,0,0.042821158690176324,Centralizado,7.0,,B,B,,,UN  ,0.1949815932360969,14.560527841608936,10,7,2.426754640268156,7.3860642310031235,7.1744636106058115,2.620226700251889,2.7122921914357687,2.0537027707808564,2.2618136020151134,2.3016372795969775,2.6108060453400506,,0.0,0.0,21.560478589420654,9,1,0,7,0.95
