,IdMaterial,IdCeSum,2021/12,2022/1,2022/10,2022/11,2022/2,2022/3,2022/4,2022/5,2022/6,2022/7,2022/8,2022/9,Porcentaje,Provision,LeadTime,Sucursal,ABC_Sucursal,ABC,Margen_Total,Margen_Suc,UMBase,MAPE,AcumProy,AcumEsp,AcumPost,MeanSupply,Trim Proy 2022/12 - 2023/2,Trim Proy 2023/3 - 2023/5,DdaProy 2022/12,DdaProy 2023/1,DdaProy 2023/2,DdaProy 2023/3,DdaProy 2023/4,DdaProy 2023/5,PeriodROP,MeanSupply2,StdSupply2,DdaAnual,Trim 2021/12 - 2022/2,Trim 2022/3 - 2022/5,Trim 2022/6 - 2022/8,Trim 2022/9 - 2022/11,ServiceLevel
10,25000085,D210,0,0,0,20,6,2,0,0,12,6,2,0,0.03617181612660136,Centralizado,7.0,,B,B,,,UN  ,0.14117208489901364,27.12858100030587,8,40,4.5214301667176455,10.967870781529937,16.160710218775936,4.10948003014318,3.6627581009796537,3.195418236623964,4.440090429540317,5.558161266013564,6.162592313489073,,0.0,0.0,67.12850037678976,6,2,20,20,0.95
